title,author,year_of_publication,place_of_publication,printer_editor_publisher,region_bin,time_bin,religion
Abel_carmina.xml,"Abel, Michael",1590,S. L.,S. L.,Unknown,1575-1599,
Atrocianus_elegia.xml,"Atrocianus, Johannes",1528,Basel,Johann Faber,Swiss,1525-1549,Protestant (Calvinist)
Chytraeus_itinera.xml,"Chytraeus, Nathan",1616,Bremen,Thomas Villerianus,North,1600-1624,mixed
Fabricius_poemata_1.xml,"Fabricius, Georg (Chemnicensis)",1567,Basel,Johann Oporinus,Swiss,1550-1574,Protestant (Calvinist)
Fabricius_poemata_2.xml,"Fabricius, Georg (Chemnicensis)",1567,Basel,Johann Oporinus,Swiss,1550-1574,Protestant (Calvinist)
Fuerstenberg_poemata.xml,"Fürstenberg, Ferdinand von",1671,Amsterdam,Daniel Elzevir,Low Countries,1650-1674,Protestant (Calvinist)
Hessus_psalterium.xml,"Hessus, Eobanus",1548,Leipzig,Valentin Papa,North,1525-1549,Protestant (Lutheran)
Kaldenbach_silvae.xml,"Kaldenbach, Christoph",1667,Tübingen,Johann Heinrich Reis,South,1650-1674,Protestant (Lutheran)
Klotz_opuscula_poetica.xml,"Klotz, Christian Adolph",1761,Altenburg,Richter,North,1750-1774,Protestant (Lutheran)
Lauterbach_aenigmata.xml,"Lauterbach, Johann",1601,Frankfurt,Collegium Palthenianum,Central/West,1600-1624,Catholic
Lubinus_declamationes.xml,"Lubinus, Eilhardus",1618,Rostock,Joachim Pedanus,North,1600-1624,Protestant (Lutheran)
Meibom_guelfus.xml,"Meibom, Heinrich",1614,Helmstadt,Jakob Lucius,North,1600-1624,Catholic
Opitius_1.xml,"Opitz, Martin",1631,Frankfurt,David Müller,Central/West,1625-1649,Catholic
Opitius_2.xml,"Opitz, Martin",1631,Frankfurt,David Müller,Central/West,1625-1649,Catholic
Opitius_3.xml,"Opitz, Martin",1631,Frankfurt,David Müller,Central/West,1625-1649,Catholic
Opitius_4.xml,"Opitz, Martin",1631,Frankfurt,David Müller,Central/West,1625-1649,Catholic
Posthius_votum.xml,"Posthius, Johannis",1573,Frankfurt,Johann Lucienbergius,Central/West,1550-1574,Catholic
Rettenpacher_dramata.xml,"Rettenpacher,mon",1683,Salzburg,Johann Baptist Mayr,South,1675-1699,Catholic
Rettenpacher_lyrica.xml,"Rettenpacher,mon",1893,Wien,Josef Roller,South,1875-1899,Catholic
Reusner_aenigmata.xml,"Lauterbach, Johann",1601,Frankfurt,Collegium Palthenianum,Central/West,1600-1624,Catholic
Reusner_griphologia.xml,"Lauterbach, Johann",1601,Frankfurt,Collegium Palthenianum,Central/West,1600-1624,Catholic
Reusner_opera_3.xml,"Reusner, Nikolaus",1593,Jena,Tobias Steinmann,North,1575-1599,Protestant (Lutheran)
Reusner_opera_4.xml,"Reusner, Nikolaus",1594,Jena,Tobias Steinmann,North,1575-1599,Protestant (Lutheran)
Seckerwitz_sirach.xml,"Seckerwitz, Johann",1556,Basel,Michael Martin Stella,Swiss,1550-1574,Protestant (Calvinist)
Weitenauer_carmina.xml,"Weitenauer, Ignatius",1757,Augsburg,Ignaz Anton Wagner; Anton Anton Wagner,South,1750-1774,mixed
acidaliuspoemata_1.xml,"Acidalius, Valens",1603,Breslau,S. L.,North,1600-1624,Protestant (Lutheran)
acidaliuspoemata_2.xml,"Acidalius, Valens",1603,Breslau,S. L.,North,1600-1624,Protestant (Lutheran)
acidaliuspoemata_3.xml,"Acidalius, Valens",1603,Breslau,S. L.,North,1600-1624,Protestant (Lutheran)
acidaliuspoemata_4.xml,"Acidalius, Valens",1603,Breslau,S. L.,North,1600-1624,Protestant (Lutheran)
acidaliuspoemata_5.xml,"Acidalius, Valens",1603,Breslau,S. L.,North,1600-1624,Protestant (Lutheran)
acidaliuspoemata_front.xml,"Acidalius, Valens",1603,Breslau,S. L.,North,1600-1624,Protestant (Lutheran)
adamparodiae_1.xml,"Adam, Melchior",1616,Frankfurt,Unckel,Central/West,1600-1624,Catholic
adamparodiae_2.xml,"Adam, Melchior",1616,Frankfurt,Unckel,Central/West,1600-1624,Catholic
avancinidramatica1_1.xml,"Avancini, Nicolai",1679,Köln,Johann Wilhelm Friessem,Central/West,1675-1699,Catholic
avancinidramatica1_2.xml,"Avancini, Nicolai",1679,Köln,Johann Wilhelm Friessem,Central/West,1675-1699,Catholic
avancinidramatica1_3.xml,"Avancini, Nicolai",1679,Köln,Johann Wilhelm Friessem,Central/West,1675-1699,Catholic
avancinidramatica1_4.xml,"Avancini, Nicolai",1679,Köln,Johann Wilhelm Friessem,Central/West,1675-1699,Catholic
avancinidramatica1_5.xml,"Avancini, Nicolai",1679,Köln,Johann Wilhelm Friessem,Central/West,1675-1699,Catholic
avancinidramatica1_6.xml,"Avancini, Nicolai",1679,Köln,Johann Wilhelm Friessem,Central/West,1675-1699,Catholic
avancinidramatica2_1.xml,"Avancini, Nicolai",1679,Köln,Johann Wilhelm Friessem,Central/West,1675-1699,Catholic
avancinidramatica2_2.xml,"Avancini, Nicolai",1679,Köln,Johann Wilhelm Friessem,Central/West,1675-1699,Catholic
avancinidramatica2_3.xml,"Avancini, Nicolai",1679,Köln,Johann Wilhelm Friessem,Central/West,1675-1699,Catholic
avancinidramatica2_4.xml,"Avancini, Nicolai",1679,Köln,Johann Wilhelm Friessem,Central/West,1675-1699,Catholic
avancinidramatica2_5.xml,"Avancini, Nicolai",1679,Köln,Johann Wilhelm Friessem,Central/West,1675-1699,Catholic
avancinidramatica2_6.xml,"Avancini, Nicolai",1679,Köln,Johann Wilhelm Friessem,Central/West,1675-1699,Catholic
avancinidramatica3_1.xml,"Avancini, Nicolai",1679,Köln,Johann Wilhelm Friessem,Central/West,1675-1699,Catholic
avancinidramatica3_2.xml,"Avancini, Nicolai",1679,Köln,Johann Wilhelm Friessem,Central/West,1675-1699,Catholic
avancinidramatica3_3.xml,"Avancini, Nicolai",1679,Köln,Johann Wilhelm Friessem,Central/West,1675-1699,Catholic
avancinidramatica3_4.xml,"Avancini, Nicolai",1679,Köln,Johann Wilhelm Friessem,Central/West,1675-1699,Catholic
avancinidramatica3_5.xml,"Avancini, Nicolai",1679,Köln,Johann Wilhelm Friessem,Central/West,1675-1699,Catholic
avancinidramatica4_1.xml,"Avancini, Nicolai",1679,Köln,Johann Wilhelm Friessem,Central/West,1675-1699,Catholic
avancinidramatica4_2.xml,"Avancini, Nicolai",1679,Köln,Johann Wilhelm Friessem,Central/West,1675-1699,Catholic
avancinidramatica4_3.xml,"Avancini, Nicolai",1679,Köln,Johann Wilhelm Friessem,Central/West,1675-1699,Catholic
avancinidramatica4_4.xml,"Avancini, Nicolai",1679,Köln,Johann Wilhelm Friessem,Central/West,1675-1699,Catholic
avancinidramatica4_5.xml,"Avancini, Nicolai",1679,Köln,Johann Wilhelm Friessem,Central/West,1675-1699,Catholic
avancinidramatica4_6.xml,"Avancini, Nicolai",1679,Köln,Johann Wilhelm Friessem,Central/West,1675-1699,Catholic
avancinilyrica_1.xml,"Avancini, Nicolai",1670,Wien,Johann Blaeu; A. Harttung,South,1650-1674,Catholic
avancinilyrica_2.xml,"Avancini, Nicolai",1670,Wien,Johann Blaeu; A. Harttung,South,1650-1674,Catholic
avancinilyrica_3.xml,"Avancini, Nicolai",1670,Wien,Johann Blaeu; A. Harttung,South,1650-1674,Catholic
avancinilyrica_4.xml,"Avancini, Nicolai",1670,Wien,Johann Blaeu; A. Harttung,South,1650-1674,Catholic
avancinilyrica_5.xml,"Avancini, Nicolai",1670,Wien,Johann Blaeu; A. Harttung,South,1650-1674,Catholic
baldecrisis.xml,"Balde, Jakob",1661,München,Anton Anton Wagner,South,1650-1674,Catholic
baldeeclipsis_1.xml,"Balde, Jakob",1662,München,S. L.,South,1650-1674,Catholic
baldeeclipsis_2.xml,"Balde, Jakob",1662,München,S. L.,South,1650-1674,Catholic
baldeelegiae.xml,"Balde, Jakob",1729,München,Martin Happach; Franz Schlütter; Johann Lukas Straub,South,1725-1749,Catholic
baldepaean.xml,"Balde, Jakob",1664,Köln,Busaeus,Central/West,1650-1674,Catholic
baldepoemata1_1.xml,"Balde, Jakob",1660,Köln,Busaeus,Central/West,1650-1674,Catholic
baldepoemata1_10.xml,"Balde, Jakob",1660,Köln,Busaeus,Central/West,1650-1674,Catholic
baldepoemata1_11.xml,"Balde, Jakob",1660,Köln,Busaeus,Central/West,1650-1674,Catholic
baldepoemata1_12.xml,"Balde, Jakob",1660,Köln,Busaeus,Central/West,1650-1674,Catholic
baldepoemata1_13.xml,"Balde, Jakob",1660,Köln,Busaeus,Central/West,1650-1674,Catholic
baldepoemata1_14.xml,"Balde, Jakob",1660,Köln,Busaeus,Central/West,1650-1674,Catholic
baldepoemata1_2.xml,"Balde, Jakob",1660,Köln,Busaeus,Central/West,1650-1674,Catholic
baldepoemata1_3.xml,"Balde, Jakob",1660,Köln,Busaeus,Central/West,1650-1674,Catholic
baldepoemata1_4.xml,"Balde, Jakob",1660,Köln,Busaeus,Central/West,1650-1674,Catholic
baldepoemata1_5.xml,"Balde, Jakob",1660,Köln,Busaeus,Central/West,1650-1674,Catholic
baldepoemata1_6.xml,"Balde, Jakob",1660,Köln,Busaeus,Central/West,1650-1674,Catholic
baldepoemata1_7.xml,"Balde, Jakob",1660,Köln,Busaeus,Central/West,1650-1674,Catholic
baldepoemata1_8.xml,"Balde, Jakob",1660,Köln,Busaeus,Central/West,1650-1674,Catholic
baldepoemata1_9.xml,"Balde, Jakob",1660,Köln,Busaeus,Central/West,1650-1674,Catholic
baldepoemata2_1.xml,"Balde, Jakob",1660,Köln,Busaeus,Central/West,1650-1674,Catholic
baldepoemata2_2.xml,"Balde, Jakob",1660,Köln,Busaeus,Central/West,1650-1674,Catholic
baldepoemata2_3.xml,"Balde, Jakob",1660,Köln,Busaeus,Central/West,1650-1674,Catholic
baldepoemata2_4.xml,"Balde, Jakob",1660,Köln,Busaeus,Central/West,1650-1674,Catholic
baldepoemata3_1.xml,"Balde, Jakob",1660,Köln,Busaeus,Central/West,1650-1674,Catholic
baldepoemata3_2.xml,"Balde, Jakob",1660,Köln,Busaeus,Central/West,1650-1674,Catholic
baldepoemata3_3.xml,"Balde, Jakob",1660,Köln,Busaeus,Central/West,1650-1674,Catholic
baldepoemata3_4.xml,"Balde, Jakob",1660,Köln,Busaeus,Central/West,1650-1674,Catholic
baldepoemata3_front.xml,"Balde, Jakob",1660,Köln,Busaeus,Central/West,1650-1674,Catholic
baldepoemata4_1.xml,"Balde, Jakob",1660,Köln,Busaeus,Central/West,1650-1674,Catholic
baldepoemata4_2.xml,"Balde, Jakob",1660,Köln,Busaeus,Central/West,1650-1674,Catholic
baldepoemata4_3.xml,"Balde, Jakob",1660,Köln,Busaeus,Central/West,1650-1674,Catholic
baldepoemata4_4.xml,"Balde, Jakob",1660,Köln,Busaeus,Central/West,1650-1674,Catholic
baldepoemata4_5.xml,"Balde, Jakob",1660,Köln,Busaeus,Central/West,1650-1674,Catholic
baldepoemata4_6.xml,"Balde, Jakob",1660,Köln,Busaeus,Central/West,1650-1674,Catholic
baldepoemata4_7.xml,"Balde, Jakob",1660,Köln,Busaeus,Central/West,1650-1674,Catholic
baldesolatium_1.xml,"Balde, Jakob",1661,München,Anton Wagner,South,1650-1674,Catholic
baldesolatium_2.xml,"Balde, Jakob",1661,München,Anton Wagner,South,1650-1674,Catholic
baldesolatium_back.xml,"Balde, Jakob",1661,München,Anton Wagner,South,1650-1674,Catholic
baldesolatium_front.xml,"Balde, Jakob",1661,München,Anton Wagner,South,1650-1674,Catholic
baldetillius.xml,"Balde, Jakob",1678,München,Rauch,South,1675-1699,Catholic
baldeurania_1.xml,"Balde, Jakob",1663,München,Anton Wagner,South,1650-1674,Catholic
baldeurania_2.xml,"Balde, Jakob",1663,München,Anton Wagner,South,1650-1674,Catholic
baldeurania_3.xml,"Balde, Jakob",1663,München,Anton Wagner,South,1650-1674,Catholic
baldeurania_4.xml,"Balde, Jakob",1663,München,Anton Wagner,South,1650-1674,Catholic
baldeurania_back.xml,"Balde, Jakob",1663,München,Anton Wagner,South,1650-1674,Catholic
baldeurania_front.xml,"Balde, Jakob",1663,München,Anton Wagner,South,1650-1674,Catholic
balticuspoemata_1.xml,"Balticus, Martin",1560,Augsburg,Ulhard,South,1550-1574,mixed
balticuspoemata_2.xml,"Balticus, Martin",1560,Augsburg,Ulhard,South,1550-1574,mixed
balticuspoemata_3.xml,"Balticus, Martin",1560,Augsburg,Ulhard,South,1550-1574,mixed
balticuspoemata_4.xml,"Balticus, Martin",1560,Augsburg,Ulhard,South,1550-1574,mixed
barthgratiarum_1.xml,"Barth, Caspar von",1613,Hanau,Biermann,Central/West,1600-1624,Catholic
barthgratiarum_10.xml,"Barth, Caspar von",1613,Hanau,Biermann,Central/West,1600-1624,Catholic
barthgratiarum_11.xml,"Barth, Caspar von",1613,Hanau,Biermann,Central/West,1600-1624,Catholic
barthgratiarum_12.xml,"Barth, Caspar von",1613,Hanau,Biermann,Central/West,1600-1624,Catholic
barthgratiarum_13.xml,"Barth, Caspar von",1613,Hanau,Biermann,Central/West,1600-1624,Catholic
barthgratiarum_14.xml,"Barth, Caspar von",1613,Hanau,Biermann,Central/West,1600-1624,Catholic
barthgratiarum_15.xml,"Barth, Caspar von",1613,Hanau,Biermann,Central/West,1600-1624,Catholic
barthgratiarum_2.xml,"Barth, Caspar von",1613,Hanau,Biermann,Central/West,1600-1624,Catholic
barthgratiarum_3.xml,"Barth, Caspar von",1613,Hanau,Biermann,Central/West,1600-1624,Catholic
barthgratiarum_4.xml,"Barth, Caspar von",1613,Hanau,Biermann,Central/West,1600-1624,Catholic
barthgratiarum_5.xml,"Barth, Caspar von",1613,Hanau,Biermann,Central/West,1600-1624,Catholic
barthgratiarum_6.xml,"Barth, Caspar von",1613,Hanau,Biermann,Central/West,1600-1624,Catholic
barthgratiarum_7.xml,"Barth, Caspar von",1613,Hanau,Biermann,Central/West,1600-1624,Catholic
barthgratiarum_8.xml,"Barth, Caspar von",1613,Hanau,Biermann,Central/West,1600-1624,Catholic
barthgratiarum_9.xml,"Barth, Caspar von",1613,Hanau,Biermann,Central/West,1600-1624,Catholic
barthopuscula_1.xml,"Barth, Caspar von",1612,Hanau,Willer,Central/West,1600-1624,Catholic
barthopuscula_2.xml,"Barth, Caspar von",1612,Hanau,Willer,Central/West,1600-1624,Catholic
barthopuscula_3.xml,"Barth, Caspar von",1612,Hanau,Willer,Central/West,1600-1624,Catholic
barthopuscula_4.xml,"Barth, Caspar von",1612,Hanau,Willer,Central/West,1600-1624,Catholic
barthopuscula_5.xml,"Barth, Caspar von",1612,Hanau,Willer,Central/West,1600-1624,Catholic
barthopuscula_6.xml,"Barth, Caspar von",1612,Hanau,Willer,Central/West,1600-1624,Catholic
barthopuscula_7.xml,"Barth, Caspar von",1612,Hanau,Willer,Central/West,1600-1624,Catholic
barthopuscula_8.xml,"Barth, Caspar von",1612,Hanau,Willer,Central/West,1600-1624,Catholic
barthsapientiae_1.xml,"Barth, Caspar von",1613,Hanau,Biermann,Central/West,1600-1624,Catholic
barthsapientiae_10.xml,"Barth, Caspar von",1613,Hanau,Biermann,Central/West,1600-1624,Catholic
barthsapientiae_2.xml,"Barth, Caspar von",1613,Hanau,Biermann,Central/West,1600-1624,Catholic
barthsapientiae_3.xml,"Barth, Caspar von",1613,Hanau,Biermann,Central/West,1600-1624,Catholic
barthsapientiae_4.xml,"Barth, Caspar von",1613,Hanau,Biermann,Central/West,1600-1624,Catholic
barthsapientiae_5.xml,"Barth, Caspar von",1613,Hanau,Biermann,Central/West,1600-1624,Catholic
barthsapientiae_6.xml,"Barth, Caspar von",1613,Hanau,Biermann,Central/West,1600-1624,Catholic
barthsapientiae_7.xml,"Barth, Caspar von",1613,Hanau,Biermann,Central/West,1600-1624,Catholic
barthsapientiae_8.xml,"Barth, Caspar von",1613,Hanau,Biermann,Central/West,1600-1624,Catholic
barthsapientiae_9.xml,"Barth, Caspar von",1613,Hanau,Biermann,Central/West,1600-1624,Catholic
barthseriorum.xml,"Barth, Caspar von",1613,Hannover,Biermann,North,1600-1624,Protestant (Lutheran)
barthseriorum_1.xml,"Barth, Caspar von",1613,Hannover,Biermann,North,1600-1624,Protestant (Lutheran)
barthseriorum_10.xml,"Barth, Caspar von",1613,Hannover,Biermann,North,1600-1624,Protestant (Lutheran)
barthseriorum_11.xml,"Barth, Caspar von",1613,Hannover,Biermann,North,1600-1624,Protestant (Lutheran)
barthseriorum_12.xml,"Barth, Caspar von",1613,Hannover,Biermann,North,1600-1624,Protestant (Lutheran)
barthseriorum_13.xml,"Barth, Caspar von",1613,Hannover,Biermann,North,1600-1624,Protestant (Lutheran)
barthseriorum_14.xml,"Barth, Caspar von",1613,Hannover,Biermann,North,1600-1624,Protestant (Lutheran)
barthseriorum_15.xml,"Barth, Caspar von",1613,Hannover,Biermann,North,1600-1624,Protestant (Lutheran)
barthseriorum_16.xml,"Barth, Caspar von",1613,Hannover,Biermann,North,1600-1624,Protestant (Lutheran)
barthseriorum_17.xml,"Barth, Caspar von",1613,Hannover,Biermann,North,1600-1624,Protestant (Lutheran)
barthseriorum_18.xml,"Barth, Caspar von",1613,Hannover,Biermann,North,1600-1624,Protestant (Lutheran)
barthseriorum_19.xml,"Barth, Caspar von",1613,Hannover,Biermann,North,1600-1624,Protestant (Lutheran)
barthseriorum_2.xml,"Barth, Caspar von",1613,Hannover,Biermann,North,1600-1624,Protestant (Lutheran)
barthseriorum_20.xml,"Barth, Caspar von",1613,Hannover,Biermann,North,1600-1624,Protestant (Lutheran)
barthseriorum_21.xml,"Barth, Caspar von",1613,Hannover,Biermann,North,1600-1624,Protestant (Lutheran)
barthseriorum_22.xml,"Barth, Caspar von",1613,Hannover,Biermann,North,1600-1624,Protestant (Lutheran)
barthseriorum_23.xml,"Barth, Caspar von",1613,Hannover,Biermann,North,1600-1624,Protestant (Lutheran)
barthseriorum_24.xml,"Barth, Caspar von",1613,Hannover,Biermann,North,1600-1624,Protestant (Lutheran)
barthseriorum_25.xml,"Barth, Caspar von",1613,Hannover,Biermann,North,1600-1624,Protestant (Lutheran)
barthseriorum_26.xml,"Barth, Caspar von",1613,Hannover,Biermann,North,1600-1624,Protestant (Lutheran)
barthseriorum_27.xml,"Barth, Caspar von",1613,Hannover,Biermann,North,1600-1624,Protestant (Lutheran)
barthseriorum_28.xml,"Barth, Caspar von",1613,Hannover,Biermann,North,1600-1624,Protestant (Lutheran)
barthseriorum_29.xml,"Barth, Caspar von",1613,Hannover,Biermann,North,1600-1624,Protestant (Lutheran)
barthseriorum_3.xml,"Barth, Caspar von",1613,Hannover,Biermann,North,1600-1624,Protestant (Lutheran)
barthseriorum_30.xml,"Barth, Caspar von",1613,Hannover,Biermann,North,1600-1624,Protestant (Lutheran)
barthseriorum_4.xml,"Barth, Caspar von",1613,Hannover,Biermann,North,1600-1624,Protestant (Lutheran)
barthseriorum_5.xml,"Barth, Caspar von",1613,Hannover,Biermann,North,1600-1624,Protestant (Lutheran)
barthseriorum_6.xml,"Barth, Caspar von",1613,Hannover,Biermann,North,1600-1624,Protestant (Lutheran)
barthseriorum_7.xml,"Barth, Caspar von",1613,Hannover,Biermann,North,1600-1624,Protestant (Lutheran)
barthseriorum_8.xml,"Barth, Caspar von",1613,Hannover,Biermann,North,1600-1624,Protestant (Lutheran)
barthseriorum_9.xml,"Barth, Caspar von",1613,Hannover,Biermann,North,1600-1624,Protestant (Lutheran)
barthsoliloquia_1.xml,"Barth, Caspar von",1655,Zwickau,Goepner,North,1650-1674,Protestant (Lutheran)
barthsoliloquia_2.xml,"Barth, Caspar von",1655,Zwickau,Goepner,North,1650-1674,Protestant (Lutheran)
barthsoliloquia_3.xml,"Barth, Caspar von",1655,Zwickau,Goepner,North,1650-1674,Protestant (Lutheran)
barzaeusheroes_1.xml,"Barzaeus, Johannes",1657,Freiburg,David Irrbisch,Central/West,1650-1674,Catholic
barzaeusheroes_2.xml,"Barzaeus, Johannes",1657,Freiburg,David Irrbisch,Central/West,1650-1674,Catholic
barzaeusheroes_3.xml,"Barzaeus, Johannes",1657,Freiburg,David Irrbisch,Central/West,1650-1674,Catholic
barzaeusheroes_front.xml,"Barzaeus, Johannes",1657,Freiburg,David Irrbisch,Central/West,1650-1674,Catholic
bebelhymni_2.xml,"Bebel, Heinrich",1501,Tübingen,Johann Otmar,South,1500-1524,Protestant (Lutheran)
bebelhymni_3.xml,"Bebel, Heinrich",1501,Tübingen,Johann Otmar,South,1500-1524,Protestant (Lutheran)
bebelhymni_4.xml,"Bebel, Heinrich",1501,Tübingen,Johann Otmar,South,1500-1524,Protestant (Lutheran)
bebelhymni_6.xml,"Bebel, Heinrich",1501,Tübingen,Johann Otmar,South,1500-1524,Protestant (Lutheran)
bebelhymni_7.xml,"Bebel, Heinrich",1501,Tübingen,Johann Otmar,South,1500-1524,Protestant (Lutheran)
bebelhymni_front.xml,"Bebel, Heinrich",1501,Tübingen,Johann Otmar,South,1500-1524,Protestant (Lutheran)
bebelopera_1.xml,"Bebel, Heinrich",1509,Pforzheim,Anshelm,South,1500-1524,Protestant (Lutheran)
bebelopera_2.xml,"Bebel, Heinrich",1509,Pforzheim,Anshelm,South,1500-1524,Protestant (Lutheran)
bebelopera_3.xml,"Bebel, Heinrich",1509,Pforzheim,Anshelm,South,1500-1524,Protestant (Lutheran)
bebelopera_4.xml,"Bebel, Heinrich",1509,Pforzheim,Anshelm,South,1500-1524,Protestant (Lutheran)
bebelopera_5.xml,"Bebel, Heinrich",1509,Pforzheim,Anshelm,South,1500-1524,Protestant (Lutheran)
bebelopuscula_1.xml,"Bebel, Heinrich",1512,Strasbourg,Matthias Schuerer,France/Alsace,1500-1524,Protestant (Lutheran)
bebelopuscula_3.xml,"Bebel, Heinrich",1512,Strasbourg,Matthias Schuerer,France/Alsace,1500-1524,Protestant (Lutheran)
bebelopuscula_4.xml,"Bebel, Heinrich",1512,Strasbourg,Matthias Schuerer,France/Alsace,1500-1524,Protestant (Lutheran)
bersmannauctaria_1.xml,"Bersmann, Gregor",1581,Leipzig,Steinman,North,1575-1599,Protestant (Lutheran)
bersmannauctaria_2.xml,"Bersmann, Gregor",1581,Leipzig,J. Steinman,North,1575-1599,Protestant (Lutheran)
bersmannauctaria_3.xml,"Bersmann, Gregor",1581,Leipzig,J. Steinman,North,1575-1599,Protestant (Lutheran)
bersmannauctaria_front.xml,"Bersmann, Gregor",1581,Leipzig,J. Steinman,North,1575-1599,Protestant (Lutheran)
bersmannpoemata_1.xml,"Bersmann, Gregor",1576,Leipzig,J. Steinman,North,1575-1599,Protestant (Lutheran)
bersmannpoemata_10.xml,"Bersmann, Gregor",1576,Leipzig,J. Steinman,North,1575-1599,Protestant (Lutheran)
bersmannpoemata_11.xml,"Bersmann, Gregor",1576,Leipzig,J. Steinman,North,1575-1599,Protestant (Lutheran)
bersmannpoemata_12.xml,"Bersmann, Gregor",1576,Leipzig,J. Steinman,North,1575-1599,Protestant (Lutheran)
bersmannpoemata_2.xml,"Bersmann, Gregor",1576,Leipzig,J. Steinman,North,1575-1599,Protestant (Lutheran)
bersmannpoemata_3.xml,"Bersmann, Gregor",1576,Leipzig,J. Steinman,North,1575-1599,Protestant (Lutheran)
bersmannpoemata_4.xml,"Bersmann, Gregor",1576,Leipzig,J. Steinman,North,1575-1599,Protestant (Lutheran)
bersmannpoemata_5.xml,"Bersmann, Gregor",1576,Leipzig,J. Steinman,North,1575-1599,Protestant (Lutheran)
bersmannpoemata_6.xml,"Bersmann, Gregor",1576,Leipzig,J. Steinman,North,1575-1599,Protestant (Lutheran)
bersmannpoemata_7.xml,"Bersmann, Gregor",1576,Leipzig,J. Steinman,North,1575-1599,Protestant (Lutheran)
bersmannpoemata_8.xml,"Bersmann, Gregor",1576,Leipzig,J. Steinman,North,1575-1599,Protestant (Lutheran)
bersmannpoemata_9.xml,"Bersmann, Gregor",1576,Leipzig,J. Steinman,North,1575-1599,Protestant (Lutheran)
bersmannpoemata_front.xml,"Bersmann, Gregor",1576,Leipzig,J. Steinman,North,1575-1599,Protestant (Lutheran)
bidermannepigrammata_1.xml,"Bidermann, Jakob",1621,Paris,Cramoisy,France/Alsace,1600-1624,Catholic
bidermannepigrammata_2.xml,"Bidermann, Jakob",1621,Paris,Cramoisy,France/Alsace,1600-1624,Catholic
bidermannepigrammata_3.xml,"Bidermann, Jakob",1621,Paris,Cramoisy,France/Alsace,1600-1624,Catholic
bidermannhendecasyllabi_1.xml,"Bidermann, Jakob",1647,Paris,Cramoisy,France/Alsace,1625-1649,Catholic
bidermannhendecasyllabi_2.xml,"Bidermann, Jakob",1647,Paris,Cramoisy,France/Alsace,1625-1649,Catholic
bidermannhendecasyllabi_3.xml,"Bidermann, Jakob",1647,Paris,Cramoisy,France/Alsace,1625-1649,Catholic
bidermannherodias_1.xml,"Bidermann, Jakob",1622,Dillingen,Ulrich,South,1600-1624,Catholic
bidermannherodias_2.xml,"Bidermann, Jakob",1622,Dillingen,Ulrich,South,1600-1624,Catholic
bidermannherodias_3.xml,"Bidermann, Jakob",1622,Dillingen,Ulrich,South,1600-1624,Catholic
bidermannheroes_1.xml,"Bidermann, Jakob",1634,München,S. L.,South,1625-1649,Catholic
bidermannheroes_2.xml,"Bidermann, Jakob",1634,München,S. L.,South,1625-1649,Catholic
bidermannheroes_3.xml,"Bidermann, Jakob",1634,München,S. L.,South,1625-1649,Catholic
bidermannheroes_front.xml,"Bidermann, Jakob",1634,München,S. L.,South,1625-1649,Catholic
bidermannheroides_1.xml,"Bidermann, Jakob",1642,Dillingen,S. L.,South,1625-1649,Catholic
bidermannheroides_2.xml,"Bidermann, Jakob",1642,Dillingen,S. L.,South,1625-1649,Catholic
bidermannheroides_3.xml,"Bidermann, Jakob",1642,Dillingen,S. L.,South,1625-1649,Catholic
bidermannludi2_1.xml,"Bidermann, Jakob",1666,München,Anton Wagner,South,1650-1674,Catholic
bidermannludi2_2.xml,"Bidermann, Jakob",1666,München,Anton Wagner,South,1650-1674,Catholic
bidermannludi2_3.xml,"Bidermann, Jakob",1666,München,Anton Wagner,South,1650-1674,Catholic
bidermannludi2_4.xml,"Bidermann, Jakob",1666,München,Anton Wagner,South,1650-1674,Catholic
bidermannludi2_5.xml,"Bidermann, Jakob",1666,München,Anton Wagner,South,1650-1674,Catholic
bidermannludi_1.xml,"Bidermann, Jakob",1666,München,Anton Wagner,South,1650-1674,Catholic
bidermannludi_2.xml,"Bidermann, Jakob",1666,München,Anton Wagner,South,1650-1674,Catholic
bidermannludi_3.xml,"Bidermann, Jakob",1666,München,Anton Wagner,South,1650-1674,Catholic
bidermannludi_4.xml,"Bidermann, Jakob",1666,München,Anton Wagner,South,1650-1674,Catholic
bidermannludi_5.xml,"Bidermann, Jakob",1666,München,Anton Wagner,South,1650-1674,Catholic
bis_1.xml,"Bissel, Johannes",1584,München,Cornelius Leyserius,South,1575-1599,Catholic
bis_2.xml,"Bissel, Johannes",1584,München,Cornelius Leyserius,South,1575-1599,Catholic
bis_3.xml,"Bissel, Johannes",1584,München,Cornelius Leyserius,South,1575-1599,Catholic
bisseliusaestiva_1.xml,"Bisselius, Johannes",1644,München,Heinrich,South,1625-1649,Catholic
bisseliusaestiva_2.xml,"Bisselius, Johannes",1644,München,Heinrich,South,1625-1649,Catholic
bisseliusaestiva_3.xml,"Bisselius, Johannes",1644,München,Heinrich,South,1625-1649,Catholic
bisseliusaestiva_front.xml,"Bisselius, Johannes",1644,München,Heinrich,South,1625-1649,Catholic
bisseliusantiquitatesnovi_1.xml,"Bisselius, Iohannes",1670,Amberg,Burger,South,1650-1674,mixed
bisseliusantiquitatesnovi_2.xml,"Bisselius, Iohannes",1670,Amberg,Burger,South,1650-1674,mixed
bisseliusantiquitatesnovi_3.xml,"Bisselius, Iohannes",1670,Amberg,Burger,South,1650-1674,mixed
bisseliusantiquitatesnovi_back.xml,"Bisselius, Iohannes",1670,Amberg,Burger,South,1650-1674,mixed
bisseliusantiquitatesveteris_1.xml,"Bisselius, Johannes",1670,Amberg,Burger,South,1650-1674,mixed
bisseliusantiquitatesveteris_2.xml,"Bisselius, Johannes",1670,Amberg,Burger,South,1650-1674,mixed
bisseliusantiquitatesveteris_3.xml,"Bisselius, Johannes",1670,Amberg,Burger,South,1650-1674,mixed
bisseliusleo_6.xml,"Bisselius, Johannes",1677,Amberg,Burger,South,1675-1699,mixed
buchner_1.xml,"Buchner, August",1665,Dresden,Hübner,North,1650-1674,Protestant (Lutheran)
buchner_10.xml,"Buchner, August",1665,Dresden,Hübner,North,1650-1675,Protestant (Lutheran)
buchner_11.xml,"Buchner, August",1665,Dresden,Hübner,North,1650-1676,Protestant (Lutheran)
buchner_12.xml,"Buchner, August",1665,Dresden,Hübner,North,1650-1677,Protestant (Lutheran)
buchner_13.xml,"Buchner, August",1665,Dresden,Hübner,North,1650-1678,Protestant (Lutheran)
buchner_14.xml,"Buchner, August",1665,Dresden,Hübner,North,1650-1679,Protestant (Lutheran)
buchner_15.xml,"Buchner, August",1665,Dresden,Hübner,North,1650-1680,Protestant (Lutheran)
buchner_16.xml,"Buchner, August",1665,Dresden,Hübner,North,1650-1681,Protestant (Lutheran)
buchner_17.xml,"Buchner, August",1665,Dresden,Hübner,North,1650-1682,Protestant (Lutheran)
buchner_2.xml,"Buchner, August",1665,Dresden,Hübner,North,1650-1683,Protestant (Lutheran)
buchner_3.xml,"Buchner, August",1665,Dresden,Hübner,North,1650-1684,Protestant (Lutheran)
buchner_4.xml,"Buchner, August",1665,Dresden,Hübner,North,1650-1685,Protestant (Lutheran)
buchner_5.xml,"Buchner, August",1665,Dresden,Hübner,North,1650-1686,Protestant (Lutheran)
buchner_6.xml,"Buchner, August",1665,Dresden,Hübner,North,1650-1687,Protestant (Lutheran)
buchner_7.xml,"Buchner, August",1665,Dresden,Hübner,North,1650-1688,Protestant (Lutheran)
buchner_8.xml,"Buchner, August",1665,Dresden,Hübner,North,1650-1689,Protestant (Lutheran)
buchner_9.xml,"Buchner, August",1665,Dresden,Hübner,North,1650-1690,Protestant (Lutheran)
buchner_front.xml,"Buchner, August",1665,Dresden,Hübner,North,1650-1691,Protestant (Lutheran)
calaminusrudolphottocarus_1.xml,"Calaminus, Georgius",1594,Strasbourg,Rihel,France/Alsace,1575-1599,Protestant (Lutheran)
calaminusrudolphottocarus_2.xml,"Calaminus, Georgius",1594,Strasbourg,Rihel,France/Alsace,1575-1599,Protestant (Lutheran)
calaminusrudolphottocarus_front.xml,"Calaminus, Georgius",1594,Strasbourg,Rihel,France/Alsace,1575-1599,Protestant (Lutheran)
camer.xml,"Camerarius, Joachim",1568,Leipzig,S. L.,North,1550-1574,Protestant (Lutheran)
camerariushodoeporicae.xml,"Camerarius, Joachim",1541,Strasbourg,S. L.,France/Alsace,1525-1549,Protestant (Lutheran)
camerariuspraecepta_1.xml,"Camerarius, Joachim",1536,Basel,Hervagius,Swiss,1525-1549,Protestant (Calvinist)
camerariuspraecepta_2.xml,"Camerarius, Joachim",1536,Basel,Hervagius,Swiss,1525-1549,Protestant (Calvinist)
campanusturcici.xml,"Campanus-Vodnanský, Jan",1597,Prague,Otthmarianis,Bohemia,1575-1599,mixed
candidusgotiberis_1.xml,"Candidus, Pantaleon",1587,Strasbourg,Antonio Bertramo,France/Alsace,1575-1599,Protestant (Lutheran)
candidusgotiberis_2.xml,"Candidus, Pantaleon",1587,Strasbourg,Antonio Bertramo,France/Alsace,1575-1599,Protestant (Lutheran)
candidusgotiberis_3.xml,"Candidus, Pantaleon",1587,Strasbourg,Antonio Bertramo,France/Alsace,1575-1599,Protestant (Lutheran)
candidusgotiberis_4.xml,"Candidus, Pantaleon",1587,Strasbourg,Antonio Bertramo,France/Alsace,1575-1599,Protestant (Lutheran)
candidusgotiberis_5.xml,"Candidus, Pantaleon",1587,Strasbourg,Antonio Bertramo,France/Alsace,1575-1599,Protestant (Lutheran)
candidusgotiberis_6.xml,"Candidus, Pantaleon",1587,Strasbourg,Antonio Bertramo,France/Alsace,1575-1599,Protestant (Lutheran)
candidusgotiberis_front.xml,"Candidus, Pantaleon",1587,Strasbourg,Antonio Bertramo,France/Alsace,1575-1599,Protestant (Lutheran)
celtisamores.xml,"Celtis, Conradus",1502,Nürnberg,Sodalitas Celtica,South,1500-1524,Protestant (Lutheran)
celtisodae_1.xml,"Celtis, Conradus",1513,Strasbourg,Matthia Schuerer,France/Alsace,1500-1524,Protestant (Lutheran)
celtisodae_2.xml,"Celtis, Conradus",1513,Strasbourg,Matthia Schuerer,France/Alsace,1500-1524,Protestant (Lutheran)
celtisodae_3.xml,"Celtis, Conradus",1513,Strasbourg,Matthia Schuerer,France/Alsace,1500-1524,Protestant (Lutheran)
celtisodae_4.xml,"Celtis, Conradus",1513,Strasbourg,Matthia Schuerer,France/Alsace,1500-1524,Protestant (Lutheran)
celtisodae_5.xml,"Celtis, Conradus",1513,Strasbourg,Matthia Schuerer,France/Alsace,1500-1524,Protestant (Lutheran)
celtisodae_6.xml,"Celtis, Conradus",1513,Strasbourg,Matthia Schuerer,France/Alsace,1500-1524,Protestant (Lutheran)
celtisodae_back.xml,"Celtis, Conradus",1513,Strasbourg,Matthia Schuerer,France/Alsace,1500-1524,Protestant (Lutheran)
celtisodae_front.xml,"Celtis, Conradus",1513,Strasbourg,Matthia Schuerer,France/Alsace,1500-1524,Protestant (Lutheran)
christfabulae_1.xml,"Christ, Johann Friedrich",1749,Leipzig,Breitkopf,North,1725-1749,Protestant (Lutheran)
christfabulae_2.xml,"Christ, Johann Friedrich",1749,Leipzig,Breitkopf,North,1725-1749,Protestant (Lutheran)
christvillaticum_1.xml,"Christ, Johann Friedrich",1746,Leipzig,Caspar Fritsch,North,1725-1749,Protestant (Lutheran)
christvillaticum_2.xml,"Christ, Johann Friedrich",1746,Leipzig,Caspar Fritsch,North,1725-1749,Protestant (Lutheran)
christvillaticum_3.xml,"Christ, Johann Friedrich",1746,Leipzig,Caspar Fritsch,North,1725-1749,Protestant (Lutheran)
chytraeuspoemata_1.xml,"Chytraeus, Nathan",1579,Rostock,S. L.,North,1575-1599,Protestant (Lutheran)
chytraeuspoemata_10.xml,"Chytraeus, Nathan",1579,Rostock,S. L.,North,1575-1599,Protestant (Lutheran)
chytraeuspoemata_11.xml,"Chytraeus, Nathan",1579,Rostock,S. L.,North,1575-1599,Protestant (Lutheran)
chytraeuspoemata_12.xml,"Chytraeus, Nathan",1579,Rostock,S. L.,North,1575-1599,Protestant (Lutheran)
chytraeuspoemata_13.xml,"Chytraeus, Nathan",1579,Rostock,S. L.,North,1575-1599,Protestant (Lutheran)
chytraeuspoemata_14.xml,"Chytraeus, Nathan",1579,Rostock,S. L.,North,1575-1599,Protestant (Lutheran)
chytraeuspoemata_15.xml,"Chytraeus, Nathan",1579,Rostock,S. L.,North,1575-1599,Protestant (Lutheran)
chytraeuspoemata_16.xml,"Chytraeus, Nathan",1579,Rostock,S. L.,North,1575-1599,Protestant (Lutheran)
chytraeuspoemata_17.xml,"Chytraeus, Nathan",1579,Rostock,S. L.,North,1575-1599,Protestant (Lutheran)
chytraeuspoemata_2.xml,"Chytraeus, Nathan",1579,Rostock,S. L.,North,1575-1599,Protestant (Lutheran)
chytraeuspoemata_3.xml,"Chytraeus, Nathan",1579,Rostock,S. L.,North,1575-1599,Protestant (Lutheran)
chytraeuspoemata_4.xml,"Chytraeus, Nathan",1579,Rostock,S. L.,North,1575-1599,Protestant (Lutheran)
chytraeuspoemata_5.xml,"Chytraeus, Nathan",1579,Rostock,S. L.,North,1575-1599,Protestant (Lutheran)
chytraeuspoemata_6.xml,"Chytraeus, Nathan",1579,Rostock,S. L.,North,1575-1599,Protestant (Lutheran)
chytraeuspoemata_7.xml,"Chytraeus, Nathan",1579,Rostock,S. L.,North,1575-1599,Protestant (Lutheran)
chytraeuspoemata_8.xml,"Chytraeus, Nathan",1579,Rostock,S. L.,North,1575-1599,Protestant (Lutheran)
chytraeuspoemata_9.xml,"Chytraeus, Nathan",1579,Rostock,S. L.,North,1575-1599,Protestant (Lutheran)
chytraeuspoemata_front.xml,"Chytraeus, Nathan",1579,Rostock,S. L.,North,1575-1599,Protestant (Lutheran)
cisnerusidyllion.xml,"Cisnerus, Nicolaus",1551,Wittemberg,Crato,North,1550-1574,Protestant (Lutheran)
conringiusmusae_1.xml,"Conring, Hermann",1708,Helmstadt,Georg Wolfgang Hammius,North,1700-1724,Catholic
conringiusmusae_2.xml,"Conring, Hermann",1708,Helmstadt,Georg Wolfgang Hammius,North,1700-1724,Catholic
conringiusmusae_3.xml,"Conring, Hermann",1708,Helmstadt,Georg Wolfgang Hammius,North,1700-1724,Catholic
conringiusmusae_front.xml,"Conring, Hermann",1708,Helmstadt,Georg Wolfgang Hammius,North,1700-1724,Catholic
cordusopera.xml,"Cordus, Euricius",1550,Frankfurt,S. L.,Central/West,1550-1574,Catholic
corvinuspoemata_1.xml,"Corvinus, Elias",1568,Leipzig,Johann Rhamba,North,1550-1574,Protestant (Lutheran)
corvinuspoemata_2.xml,"Corvinus, Elias",1568,Leipzig,Johann Rhamba,North,1550-1574,Protestant (Lutheran)
corvinuspoemata_front.xml,"Corvinus, Elias",1568,Leipzig,Johann Rhamba,North,1550-1574,Protestant (Lutheran)
dedekindgrobianus_1.xml,"Dedekind, Friedrich",1558,Frankfurt,Egenolphi,Central/West,1550-1574,Catholic
dedekindgrobianus_2.xml,"Dedekind, Friedrich",1558,Frankfurt,Egenolphi,Central/West,1550-1574,Catholic
dedekindgrobianus_3.xml,"Dedekind, Friedrich",1558,Frankfurt,Egenolphi,Central/West,1550-1574,Catholic
dedekindgrobianus_back.xml,"Dedekind, Friedrich",1558,Frankfurt,Egenolphi,Central/West,1550-1574,Catholic
dedekindgrobianus_front.xml,"Dedekind, Friedrich",1558,Frankfurt,Egenolphi,Central/West,1550-1574,Catholic
deliciae1.xml,Pseudo-Gruterus,1612,Frankfurt,Jakob Fischer,Central/West,1600-1624,Catholic
deliciae2.xml,Pseudo-Gruterus,1612,Frankfurt,Jakob Fischer,Central/West,1600-1624,Catholic
deliciae3.xml,Pseudo-Gruterus,1612,Frankfurt,Jakob Fischer,Central/West,1600-1624,Catholic
deliciae4.xml,Pseudo-Gruterus,1612,Frankfurt,Jakob Fischer,Central/West,1600-1624,Catholic
deliciae5.xml,Pseudo-Gruterus,1612,Frankfurt,Jakob Fischer,Central/West,1600-1624,Catholic
deliciae6.xml,Pseudo-Gruterus,1612,Frankfurt,Jakob Fischer,Central/West,1600-1624,Catholic
deniscarmina_1.xml,"Denis, Michael",1794,Wien,Ignaz Albert,South,1775-1799,Catholic
deniscarmina_2.xml,"Denis, Michael",1794,Wien,Ignaz Albert,South,1775-1799,Catholic
deniscarmina_3.xml,"Denis, Michael",1794,Wien,Ignaz Albert,South,1775-1799,Catholic
deniscarmina_4.xml,"Denis, Michael",1794,Wien,Ignaz Albert,South,1775-1799,Catholic
fabriciusorationes.xml,"Fabricius, Vincentius",1685,Frankfurt,Plener,Central/West,1675-1699,Catholic
fabriciusorationes_10.xml,"Fabricius, Vincentius",1685,Frankfurt,Plener,Central/West,1675-1699,Catholic
fabriciusorationes_11.xml,"Fabricius, Vincentius",1685,Frankfurt,Plener,Central/West,1675-1699,Catholic
fabriciusorationes_2.xml,"Fabricius, Vincentius",1685,Frankfurt,Plener,Central/West,1675-1699,Catholic
fabriciusorationes_3.xml,"Fabricius, Vincentius",1685,Frankfurt,Plener,Central/West,1675-1699,Catholic
fabriciusorationes_7.xml,"Fabricius, Vincentius",1685,Frankfurt,Plener,Central/West,1675-1699,Catholic
fabriciusorationes_9.xml,"Fabricius, Vincentius",1685,Frankfurt,Plener,Central/West,1675-1699,Catholic
fabriciusorationes_front.xml,"Fabricius, Vincentius",1685,Frankfurt,Plener,Central/West,1675-1699,Catholic
flemingpoemata_1.xml,"Fleming, Paul",1863,Stuttgart,Lappenberg,South,1850-1874,Protestant (Lutheran)
flemingpoemata_10.xml,"Fleming, Paul",1863,Stuttgart,Lappenberg,South,1850-1874,Protestant (Lutheran)
flemingpoemata_11.xml,"Fleming, Paul",1863,Stuttgart,Lappenberg,South,1850-1874,Protestant (Lutheran)
flemingpoemata_12.xml,"Fleming, Paul",1863,Stuttgart,Lappenberg,South,1850-1874,Protestant (Lutheran)
flemingpoemata_13.xml,"Fleming, Paul",1863,Stuttgart,Lappenberg,South,1850-1874,Protestant (Lutheran)
flemingpoemata_14.xml,"Fleming, Paul",1863,Stuttgart,Lappenberg,South,1850-1874,Protestant (Lutheran)
flemingpoemata_16.xml,"Fleming, Paul",1863,Stuttgart,Lappenberg,South,1850-1874,Protestant (Lutheran)
flemingpoemata_17.xml,"Fleming, Paul",1863,Stuttgart,Lappenberg,South,1850-1874,Protestant (Lutheran)
flemingpoemata_18.xml,"Fleming, Paul",1863,Stuttgart,Lappenberg,South,1850-1874,Protestant (Lutheran)
flemingpoemata_19.xml,"Fleming, Paul",1863,Stuttgart,Lappenberg,South,1850-1874,Protestant (Lutheran)
flemingpoemata_2.xml,"Fleming, Paul",1863,Stuttgart,Lappenberg,South,1850-1874,Protestant (Lutheran)
flemingpoemata_20.xml,"Fleming, Paul",1863,Stuttgart,Lappenberg,South,1850-1874,Protestant (Lutheran)
flemingpoemata_21.xml,"Fleming, Paul",1863,Stuttgart,Lappenberg,South,1850-1874,Protestant (Lutheran)
flemingpoemata_22.xml,"Fleming, Paul",1863,Stuttgart,Lappenberg,South,1850-1874,Protestant (Lutheran)
flemingpoemata_23.xml,"Fleming, Paul",1863,Stuttgart,Lappenberg,South,1850-1874,Protestant (Lutheran)
flemingpoemata_24.xml,"Fleming, Paul",1863,Stuttgart,Lappenberg,South,1850-1874,Protestant (Lutheran)
flemingpoemata_25.xml,"Fleming, Paul",1863,Stuttgart,Lappenberg,South,1850-1874,Protestant (Lutheran)
flemingpoemata_26.xml,"Fleming, Paul",1863,Stuttgart,Lappenberg,South,1850-1874,Protestant (Lutheran)
flemingpoemata_27.xml,"Fleming, Paul",1863,Stuttgart,Lappenberg,South,1850-1874,Protestant (Lutheran)
flemingpoemata_28.xml,"Fleming, Paul",1863,Stuttgart,Lappenberg,South,1850-1874,Protestant (Lutheran)
flemingpoemata_3.xml,"Fleming, Paul",1863,Stuttgart,Lappenberg,South,1850-1874,Protestant (Lutheran)
flemingpoemata_4.xml,"Fleming, Paul",1863,Stuttgart,Lappenberg,South,1850-1874,Protestant (Lutheran)
flemingpoemata_5.xml,"Fleming, Paul",1863,Stuttgart,Lappenberg,South,1850-1874,Protestant (Lutheran)
flemingpoemata_6.xml,"Fleming, Paul",1863,Stuttgart,Lappenberg,South,1850-1874,Protestant (Lutheran)
flemingpoemata_7.xml,"Fleming, Paul",1863,Stuttgart,Lappenberg,South,1850-1874,Protestant (Lutheran)
flemingpoemata_8.xml,"Fleming, Paul",1863,Stuttgart,Lappenberg,South,1850-1874,Protestant (Lutheran)
flemingpoemata_9.xml,"Fleming, Paul",1863,Stuttgart,Lappenberg,South,1850-1874,Protestant (Lutheran)
flitnerusnebulo.xml,"Flittner, Johann",1620,Frankfurt,Zetter,Central/West,1600-1624,Catholic
frisch_1.xml,"Frischlinus, Nicodemus",1584,Balingen,Frischlin,South,1575-1599,Protestant (Lutheran)
frisch_10.xml,"Frischlinus, Nicodemus",1584,Balingen,Frischlin,South,1575-1599,Protestant (Lutheran)
frisch_11.xml,"Frischlinus, Nicodemus",1584,Balingen,Frischlin,South,1575-1599,Protestant (Lutheran)
frisch_12.xml,"Frischlinus, Nicodemus",1584,Balingen,Frischlin,South,1575-1599,Protestant (Lutheran)
frisch_13.xml,"Frischlinus, Nicodemus",1584,Balingen,Frischlin,South,1575-1599,Protestant (Lutheran)
frisch_14.xml,"Frischlinus, Nicodemus",1584,Balingen,Frischlin,South,1575-1599,Protestant (Lutheran)
frisch_15.xml,"Frischlinus, Nicodemus",1584,Balingen,Frischlin,South,1575-1599,Protestant (Lutheran)
frisch_17.xml,"Frischlinus, Nicodemus",1584,Balingen,Frischlin,South,1575-1599,Protestant (Lutheran)
frisch_2.xml,"Frischlinus, Nicodemus",1584,Balingen,Frischlin,South,1575-1599,Protestant (Lutheran)
frisch_3.xml,"Frischlinus, Nicodemus",1584,Balingen,Frischlin,South,1575-1599,Protestant (Lutheran)
frisch_4.xml,"Frischlinus, Nicodemus",1584,Balingen,Frischlin,South,1575-1599,Protestant (Lutheran)
frisch_5.xml,"Frischlinus, Nicodemus",1584,Balingen,Frischlin,South,1575-1599,Protestant (Lutheran)
frisch_6.xml,"Frischlinus, Nicodemus",1584,Balingen,Frischlin,South,1575-1599,Protestant (Lutheran)
frisch_7.xml,"Frischlinus, Nicodemus",1584,Balingen,Frischlin,South,1575-1599,Protestant (Lutheran)
frisch_8.xml,"Frischlinus, Nicodemus",1584,Balingen,Frischlin,South,1575-1599,Protestant (Lutheran)
frisch_9.xml,"Frischlinus, Nicodemus",1584,Balingen,Frischlin,South,1575-1599,Protestant (Lutheran)
frisch_back.xml,"Frischlinus, Nicodemus",1584,Balingen,Frischlin,South,1575-1599,Protestant (Lutheran)
frisch_front.xml,"Frischlinus, Nicodemus",1584,Balingen,Frischlin,South,1575-1599,Protestant (Lutheran)
frischlinhebraeis_1.xml,"Frischlin, Nicodemus",1599,Strasbourg,Jobin,France/Alsace,1575-1599,Protestant (Lutheran)
frischlinhebraeis_10.xml,"Frischlin, Nicodemus",1599,Strasbourg,Jobin,France/Alsace,1575-1599,Protestant (Lutheran)
frischlinhebraeis_11.xml,"Frischlin, Nicodemus",1599,Strasbourg,Jobin,France/Alsace,1575-1599,Protestant (Lutheran)
frischlinhebraeis_12.xml,"Frischlin, Nicodemus",1599,Strasbourg,Jobin,France/Alsace,1575-1599,Protestant (Lutheran)
frischlinhebraeis_2.xml,"Frischlin, Nicodemus",1599,Strasbourg,Jobin,France/Alsace,1575-1599,Protestant (Lutheran)
frischlinhebraeis_3.xml,"Frischlin, Nicodemus",1599,Strasbourg,Jobin,France/Alsace,1575-1599,Protestant (Lutheran)
frischlinhebraeis_4.xml,"Frischlin, Nicodemus",1599,Strasbourg,Jobin,France/Alsace,1575-1599,Protestant (Lutheran)
frischlinhebraeis_5.xml,"Frischlin, Nicodemus",1599,Strasbourg,Jobin,France/Alsace,1575-1599,Protestant (Lutheran)
frischlinhebraeis_6.xml,"Frischlin, Nicodemus",1599,Strasbourg,Jobin,France/Alsace,1575-1599,Protestant (Lutheran)
frischlinhebraeis_7.xml,"Frischlin, Nicodemus",1599,Strasbourg,Jobin,France/Alsace,1575-1599,Protestant (Lutheran)
frischlinhebraeis_8.xml,"Frischlin, Nicodemus",1599,Strasbourg,Jobin,France/Alsace,1575-1599,Protestant (Lutheran)
frischlinhebraeis_9.xml,"Frischlin, Nicodemus",1599,Strasbourg,Jobin,France/Alsace,1575-1599,Protestant (Lutheran)
frischlinhebraeis_front.xml,"Frischlin, Nicodemus",1599,Strasbourg,Jobin,France/Alsace,1575-1599,Protestant (Lutheran)
frischlinhelvetiogermani_1.xml,"Frischlin, Nicodemus",1539,Helmstadt,Jakobus Lucius,North,1525-1549,Catholic
frischlinhelvetiogermani_2.xml,"Frischlin, Nicodemus",1539,Helmstadt,Jakobus Lucius,North,1525-1549,Catholic
frischlinhelvetiogermani_3.xml,"Frischlin, Nicodemus",1539,Helmstadt,Jakobus Lucius,North,1525-1549,Catholic
frischlinhelvetiogermani_4.xml,"Frischlin, Nicodemus",1539,Helmstadt,Jakobus Lucius,North,1525-1549,Catholic
frischlinhelvetiogermani_5.xml,"Frischlin, Nicodemus",1539,Helmstadt,Jakobus Lucius,North,1525-1549,Catholic
frischlinhelvetiogermani_6.xml,"Frischlin, Nicodemus",1539,Helmstadt,Jakobus Lucius,North,1525-1549,Catholic
frischlinhelvetiogermani_front.xml,"Frischlin, Nicodemus",1539,Helmstadt,Jakobus Lucius,North,1525-1549,Catholic
frischlinscenica_1.xml,"Frischlin, Nicodemus",1585,Strasbourg,Jobin,France/Alsace,1575-1599,Protestant (Lutheran)
frischlinscenica_2.xml,"Frischlin, Nicodemus",1585,Strasbourg,Jobin,France/Alsace,1575-1599,Protestant (Lutheran)
frischlinscenica_3.xml,"Frischlin, Nicodemus",1585,Strasbourg,Jobin,France/Alsace,1575-1599,Protestant (Lutheran)
frischlinscenica_4.xml,"Frischlin, Nicodemus",1585,Strasbourg,Jobin,France/Alsace,1575-1599,Protestant (Lutheran)
frischlinscenica_5.xml,"Frischlin, Nicodemus",1585,Strasbourg,Jobin,France/Alsace,1575-1599,Protestant (Lutheran)
frischlinscenica_6.xml,"Frischlin, Nicodemus",1585,Strasbourg,Jobin,France/Alsace,1575-1599,Protestant (Lutheran)
frischlinscenica_7.xml,"Frischlin, Nicodemus",1585,Strasbourg,Jobin,France/Alsace,1575-1599,Protestant (Lutheran)
gentilicarmina.xml,"Gentilis, Scipio",1613,Nürnberg,Abraham Wagenmann,South,1600-1624,Protestant (Lutheran)
gentiliparaphrasis.xml,"Gentilis, Scipio",1598,Nürnberg,Paul Kaufmann,South,1575-1599,Protestant (Lutheran)
gesner1.xml,"Gesner, Johannes Matthias",1743,Amsterdam,Johann Jakob Korn,Low Countries,1725-1749,Protestant (Calvinist)
gualtherusmonomachia_1.xml,"Gwalther, Rudolf",1541,Zürich,Christoph Froschauer,Swiss,1525-1549,Protestant (Calvinist)
gualtherusmonomachia_2.xml,"Gwalther, Rudolf",1541,Zürich,Christoph Froschauer,Swiss,1525-1549,Protestant (Calvinist)
gualtherusmonomachia_3.xml,"Gwalther, Rudolf",1541,Zürich,Christoph Froschauer,Swiss,1525-1549,Protestant (Calvinist)
gualtherusmonomachia_4.xml,"Gwalther, Rudolf",1541,Zürich,Christoph Froschauer,Swiss,1525-1549,Protestant (Calvinist)
gualtherusmonomachia_front.xml,"Gwalther, Rudolf",1541,Zürich,Christoph Froschauer,Swiss,1525-1549,Protestant (Calvinist)
gualtherusnabal_1.xml,"Gwalther, Rudolf",1550,Zürich,Christoph Froschauer,Swiss,1550-1574,Protestant (Calvinist)
gualtherusnabal_2.xml,"Gwalther, Rudolf",1550,Zürich,Christoph Froschauer,Swiss,1550-1574,Protestant (Calvinist)
gualtherusnabal_3.xml,"Gwalther, Rudolf",1550,Zürich,Christoph Froschauer,Swiss,1550-1574,Protestant (Calvinist)
gualtherusnabal_4.xml,"Gwalther, Rudolf",1550,Zürich,Christoph Froschauer,Swiss,1550-1574,Protestant (Calvinist)
gualtherusnabal_5.xml,"Gwalther, Rudolf",1550,Zürich,Christoph Froschauer,Swiss,1550-1574,Protestant (Calvinist)
gualtherusnabal_front.xml,"Gwalther, Rudolf",1550,Zürich,Christoph Froschauer,Swiss,1550-1574,Protestant (Calvinist)
haynecciusalmansor_1.xml,"Hayneccius, Martin",1588,Leipzig,Abraham Lamberg,North,1575-1599,Protestant (Lutheran)
haynecciusalmansor_2.xml,"Hayneccius, Martin",1588,Leipzig,Abraham Lamberg,North,1575-1599,Protestant (Lutheran)
haynecciusalmansor_3.xml,"Hayneccius, Martin",1588,Leipzig,Abraham Lamberg,North,1575-1599,Protestant (Lutheran)
haynecciusalmansor_4.xml,"Hayneccius, Martin",1588,Leipzig,Abraham Lamberg,North,1575-1599,Protestant (Lutheran)
haynecciusalmansor_5.xml,"Hayneccius, Martin",1588,Leipzig,Abraham Lamberg,North,1575-1599,Protestant (Lutheran)
haynecciusalmansor_back.xml,"Hayneccius, Martin",1588,Leipzig,Abraham Lamberg,North,1575-1599,Protestant (Lutheran)
haynecciusalmansor_front.xml,"Hayneccius, Martin",1588,Leipzig,Abraham Lamberg,North,1575-1599,Protestant (Lutheran)
hessuspriorfarrago_1.xml,"Hessus, Eobanus",1539,Schwäbisch Hall,Hessus,South,1525-1549,Protestant (Lutheran)
hessuspriorfarrago_10.xml,"Hessus, Eobanus",1539,Schwäbisch Hall,Hessus,South,1525-1549,Protestant (Lutheran)
hessuspriorfarrago_11.xml,"Hessus, Eobanus",1539,Schwäbisch Hall,Hessus,South,1525-1549,Protestant (Lutheran)
hessuspriorfarrago_12.xml,"Hessus, Eobanus",1539,Schwäbisch Hall,Hessus,South,1525-1549,Protestant (Lutheran)
hessuspriorfarrago_13.xml,"Hessus, Eobanus",1539,Schwäbisch Hall,Hessus,South,1525-1549,Protestant (Lutheran)
hessuspriorfarrago_14.xml,"Hessus, Eobanus",1539,Schwäbisch Hall,Hessus,South,1525-1549,Protestant (Lutheran)
hessuspriorfarrago_2.xml,"Hessus, Eobanus",1539,Schwäbisch Hall,Hessus,South,1525-1549,Protestant (Lutheran)
hessuspriorfarrago_3.xml,"Hessus, Eobanus",1539,Schwäbisch Hall,Hessus,South,1525-1549,Protestant (Lutheran)
hessuspriorfarrago_4.xml,"Hessus, Eobanus",1539,Schwäbisch Hall,Hessus,South,1525-1549,Protestant (Lutheran)
hessuspriorfarrago_5.xml,"Hessus, Eobanus",1539,Schwäbisch Hall,Hessus,South,1525-1549,Protestant (Lutheran)
hessuspriorfarrago_6.xml,"Hessus, Eobanus",1539,Schwäbisch Hall,Hessus,South,1525-1549,Protestant (Lutheran)
hessuspriorfarrago_7.xml,"Hessus, Eobanus",1539,Schwäbisch Hall,Hessus,South,1525-1549,Protestant (Lutheran)
hessuspriorfarrago_8.xml,"Hessus, Eobanus",1539,Schwäbisch Hall,Hessus,South,1525-1549,Protestant (Lutheran)
hessuspriorfarrago_9.xml,"Hessus, Eobanus",1539,Schwäbisch Hall,Hessus,South,1525-1549,Protestant (Lutheran)
hirtzwigiusjesulus_1.xml,"Hirtzwig, Heinrich",1613,Speyer,Kembach,Central/West,1600-1624,Protestant (Lutheran)
hirtzwigiusjesulus_2.xml,"Hirtzwig, Heinrich",1613,Speyer,Kembach,Central/West,1600-1624,Protestant (Lutheran)
hirtzwigiusjesulus_3.xml,"Hirtzwig, Heinrich",1613,Speyer,Kembach,Central/West,1600-1624,Protestant (Lutheran)
hirtzwigiusjesulus_4.xml,"Hirtzwig, Heinrich",1613,Speyer,Kembach,Central/West,1600-1624,Protestant (Lutheran)
hirtzwigiusjesulus_5.xml,"Hirtzwig, Heinrich",1613,Speyer,Kembach,Central/West,1600-1624,Protestant (Lutheran)
hirtzwigiusjesulus_front.xml,"Hirtzwig, Heinrich",1613,Speyer,Kembach,Central/West,1600-1624,Protestant (Lutheran)
huttenopera.xml,"Hutten, Ulrich",1862,Leipzig,Böcking,North,1850-1874,Protestant (Lutheran)
kaldenbachlyrica.xml,"Kaldenbach, Christoph",1651,Braunsberg,Caspar Weingärtner,North,1650-1674,Catholic
kreihingemblemata_1.xml,"Kreihing, Johannes",1661,Antwerpen,S. L.,Low Countries,1650-1674,mixed
kreihingemblemata_2.xml,"Kreihing, Johannes",1661,Antwerpen,S. L.,Low Countries,1650-1674,mixed
kreihingemblemata_front.xml,"Kreihing, Johannes",1661,Antwerpen,S. L.,Low Countries,1650-1674,mixed
lemniusepigrammata_1.xml,"Lemnius, Levinus",1589,Paris,Nicolaum Gillium,France/Alsace,1575-1599,Catholic
lemniusepigrammata_2.xml,"Lemnius, Levinus",1589,Paris,Nicolaum Gillium,France/Alsace,1575-1599,Catholic
lemniusepigrammata_3.xml,"Lemnius, Levinus",1589,Paris,Nicolaum Gillium,France/Alsace,1575-1599,Catholic
lemniusepigrammata_4.xml,"Lemnius, Levinus",1589,Paris,Nicolaum Gillium,France/Alsace,1575-1599,Catholic
lochernavis.xml,"Locher, Jakob",1572,Basel,Sebastianus Henricpetri,Swiss,1550-1574,Protestant (Calvinist)
locherpoematia.xml,"Locher, Jakob",1512,Basel,Sebastianus Henricpetri,Swiss,1500-1524,Protestant (Calvinist)
loescherthreni_1.xml,"Loescher, Abraham",1679,Köln,Johann Wilhelm Friessem,Central/West,1675-1699,Catholic
loescherthreni_2.xml,"Loescher, Abraham",1679,Köln,Johann Wilhelm Friessem,Central/West,1675-1699,Catholic
loescherthreni_front.xml,"Loescher, Abraham",1679,Köln,Johann Wilhelm Friessem,Central/West,1675-1699,Catholic
lorichiusaenigmata.xml,"Lorichius, Johannes",1545,Frankfurt,Christian Egenolph,Central/West,1525-1549,Catholic
lotic_1.xml,"Lotichius Secundus, Petrus",1603,Heidelberg,Vögelin,Central/West,1600-1624,mixed
lotic_2.xml,"Lotichius Secundus, Petrus",1603,Heidelberg,Vögelin,Central/West,1600-1624,mixed
lotic_3.xml,"Lotichius Secundus, Petrus",1603,Heidelberg,Vögelin,Central/West,1600-1624,mixed
lotic_4.xml,"Lotichius Secundus, Petrus",1603,Heidelberg,Vögelin,Central/West,1600-1624,mixed
lotic_5.xml,"Lotichius Secundus, Petrus",1603,Heidelberg,Vögelin,Central/West,1600-1624,mixed
lotic_6.xml,"Lotichius Secundus, Petrus",1603,Heidelberg,Vögelin,Central/West,1600-1624,mixed
lotic_7.xml,"Lotichius Secundus, Petrus",1603,Heidelberg,Vögelin,Central/West,1600-1624,mixed
lotic_8.xml,"Lotichius Secundus, Petrus",1603,Heidelberg,Vögelin,Central/West,1600-1624,mixed
lotic_front.xml,"Lotichius Secundus, Petrus",1603,Heidelberg,Vögelin,Central/West,1600-1624,mixed
luciuspoemata_1.xml,"Lucius, Johannes",1603,Dresden,Matthias Stoeckel,North,1600-1624,Protestant (Lutheran)
luciuspoemata_2.xml,"Lucius, Johannes",1603,Dresden,Matthias Stoeckel,North,1600-1624,Protestant (Lutheran)
luciuspoemata_3.xml,"Lucius, Johannes",1603,Dresden,Matthias Stoeckel,North,1600-1624,Protestant (Lutheran)
luciuspoemata_4.xml,"Lucius, Johannes",1603,Dresden,Matthias Stoeckel,North,1600-1624,Protestant (Lutheran)
luciuspoemata_front.xml,"Lucius, Johannes",1603,Dresden,Matthias Stoeckel,North,1600-1624,Protestant (Lutheran)
melanchthonepigrammata_1.xml,"Melanchthon, Philipp",1579,Wittemberg,Johannis Cratonis,North,1575-1599,Protestant (Lutheran)
melanchthonepigrammata_2.xml,"Melanchthon, Philipp",1579,Wittemberg,Johannis Cratonis,North,1575-1599,Protestant (Lutheran)
melanchthonepigrammata_3.xml,"Melanchthon, Philipp",1579,Wittemberg,Johannis Cratonis,North,1575-1599,Protestant (Lutheran)
melanchthonepigrammata_4.xml,"Melanchthon, Philipp",1579,Wittemberg,Johannis Cratonis,North,1575-1599,Protestant (Lutheran)
melanchthonepigrammata_5.xml,"Melanchthon, Philipp",1579,Wittemberg,Johannis Cratonis,North,1575-1599,Protestant (Lutheran)
melanchthonepigrammata_6.xml,"Melanchthon, Philipp",1579,Wittemberg,Johannis Cratonis,North,1575-1599,Protestant (Lutheran)
melanchthonepigrammata_front.xml,"Melanchthon, Philipp",1579,Wittemberg,Johannis Cratonis,North,1575-1599,Protestant (Lutheran)
menckecarmina_1.xml,"Mencke, Friedrich Otto",1737,Leipzig,Gleditsch,North,1725-1749,Protestant (Lutheran)
menckecarmina_2.xml,"Mencke, Friedrich Otto",1737,Leipzig,Gleditsch,North,1725-1749,Protestant (Lutheran)
menckecarmina_front.xml,"Mencke, Friedrich Otto",1737,Leipzig,Gleditsch,North,1725-1749,Protestant (Lutheran)
micyllussilvae_1.xml,"Micyllus, Jakobus",1564,Frankfurt,Brubach,Central/West,1550-1574,Catholic
micyllussilvae_2.xml,"Micyllus, Jakobus",1564,Frankfurt,Brubach,Central/West,1550-1574,Catholic
micyllussilvae_3.xml,"Micyllus, Jakobus",1564,Frankfurt,Brubach,Central/West,1550-1574,Catholic
micyllussilvae_4.xml,"Micyllus, Jakobus",1564,Frankfurt,Brubach,Central/West,1550-1574,Catholic
micyllussilvae_5.xml,"Micyllus, Jakobus",1564,Frankfurt,Brubach,Central/West,1550-1574,Catholic
micyllussilvae_6.xml,"Micyllus, Jakobus",1564,Frankfurt,Brubach,Central/West,1550-1574,Catholic
micyllussilvae_front.xml,"Micyllus, Jakobus",1564,Frankfurt,Brubach,Central/West,1550-1574,Catholic
morhofpoemata_1.xml,"Morhof, Daniel Georg",1697,Lübeck,Boeckmann,North,1675-1699,Protestant (Lutheran)
morhofpoemata_10.xml,"Morhof, Daniel Georg",1697,Lübeck,Boeckmann,North,1675-1699,Protestant (Lutheran)
morhofpoemata_11.xml,"Morhof, Daniel Georg",1697,Lübeck,Boeckmann,North,1675-1699,Protestant (Lutheran)
morhofpoemata_2.xml,"Morhof, Daniel Georg",1697,Lübeck,Boeckmann,North,1675-1699,Protestant (Lutheran)
morhofpoemata_3.xml,"Morhof, Daniel Georg",1697,Lübeck,Boeckmann,North,1675-1699,Protestant (Lutheran)
morhofpoemata_4.xml,"Morhof, Daniel Georg",1697,Lübeck,Boeckmann,North,1675-1699,Protestant (Lutheran)
morhofpoemata_5.xml,"Morhof, Daniel Georg",1697,Lübeck,Boeckmann,North,1675-1699,Protestant (Lutheran)
morhofpoemata_6.xml,"Morhof, Daniel Georg",1697,Lübeck,Boeckmann,North,1675-1699,Protestant (Lutheran)
morhofpoemata_7.xml,"Morhof, Daniel Georg",1697,Lübeck,Boeckmann,North,1675-1699,Protestant (Lutheran)
morhofpoemata_8.xml,"Morhof, Daniel Georg",1697,Lübeck,Boeckmann,North,1675-1699,Protestant (Lutheran)
morhofpoemata_9.xml,"Morhof, Daniel Georg",1697,Lübeck,Boeckmann,North,1675-1699,Protestant (Lutheran)
morhofpoemata_front.xml,"Morhof, Daniel Georg",1697,Lübeck,Boeckmann,North,1675-1699,Protestant (Lutheran)
moscheroschcenturiae_front1.xml,"Moscherosch, Johann Michael",1665,Frankfurt,Rohner,Central/West,1650-1674,Catholic
moscheroschcenturiae_front2.xml,"Moscherosch, Johann Michael",1665,Frankfurt,Rohner,Central/West,1650-1674,Catholic
moscheroschcenturiae_front3.xml,"Moscherosch, Johann Michael",1665,Frankfurt,Rohner,Central/West,1650-1674,Catholic
moscheroschcenturiae_front4.xml,"Moscherosch, Johann Michael",1665,Frankfurt,Rohner,Central/West,1650-1674,Catholic
moscheroschcenturiae_front5.xml,"Moscherosch, Johann Michael",1665,Frankfurt,Rohner,Central/West,1650-1674,Catholic
moscheroschcenturiae_front6.xml,"Moscherosch, Johann Michael",1665,Frankfurt,Rohner,Central/West,1650-1674,Catholic
moscheroschcenturiaeg_1-1.xml,"Moscherosch, Johann Michael",1665,Frankfurt,Rohner,Central/West,1650-1674,Catholic
moscheroschcenturiaeg_2-1.xml,"Moscherosch, Johann Michael",1665,Frankfurt,Rohner,Central/West,1650-1674,Catholic
moscheroschcenturiaeg_3-1.xml,"Moscherosch, Johann Michael",1665,Frankfurt,Rohner,Central/West,1650-1674,Catholic
moscheroschcenturiaeg_4-1.xml,"Moscherosch, Johann Michael",1665,Frankfurt,Rohner,Central/West,1650-1674,Catholic
moscheroschcenturiaeg_5-1.xml,"Moscherosch, Johann Michael",1665,Frankfurt,Rohner,Central/West,1650-1674,Catholic
moscheroschcenturiaeg_6-1.xml,"Moscherosch, Johann Michael",1665,Frankfurt,Rohner,Central/West,1650-1674,Catholic
naogeorgushieremias.xml,"Naogeorg, Thomas",1551,Basel,Antonio Bertramo,Swiss,1550-1574,Protestant (Calvinist)
naogeorgusincendia.xml,"Naogeorg, Thomas",1541,Wittemberg,Georg Rhau,North,1525-1549,Protestant (Lutheran)
naogeorgusiudas_1.xml,"Naogeorg, Thomas",1552,Stuttgart,S. L.,South,1550-1574,Protestant (Lutheran)
naogeorgusiudas_2.xml,"Naogeorg, Thomas",1552,Stuttgart,S. L.,South,1550-1574,Protestant (Lutheran)
naogeorgusiudas_3.xml,"Naogeorg, Thomas",1552,Stuttgart,S. L.,South,1550-1574,Protestant (Lutheran)
naogeorgusiudas_front.xml,"Naogeorg, Thomas",1552,Stuttgart,S. L.,South,1550-1574,Protestant (Lutheran)
naogeorgusmercator.xml,"Naogeorg, Thomas",1590,S. L.,S. L.,Unknown,1575-1599,
naogeorguspammachius.xml,"Naogeorg, Thomas",1538,Wittemberg,Johann Luft,North,1525-1549,Protestant (Lutheran)
naogeorgusregnum.xml,"Naogeorg, Thomas",1553,Basel,S. L.,Swiss,1550-1574,Protestant (Calvinist)
naogeorgussatyrae_1.xml,"Naogeorg, Thomas",1555,Basel,Oporinus,Swiss,1550-1574,Protestant (Calvinist)
naogeorgussatyrae_2.xml,"Naogeorg, Thomas",1555,Basel,Oporinus,Swiss,1550-1574,Protestant (Calvinist)
naogeorgussatyrae_3.xml,"Naogeorg, Thomas",1555,Basel,Oporinus,Swiss,1550-1574,Protestant (Calvinist)
naogeorgussatyrae_4.xml,"Naogeorg, Thomas",1555,Basel,Oporinus,Swiss,1550-1574,Protestant (Calvinist)
naogeorgussatyrae_5.xml,"Naogeorg, Thomas",1555,Basel,Oporinus,Swiss,1550-1574,Protestant (Calvinist)
naogeorgussatyrae_6.xml,"Naogeorg, Thomas",1555,Basel,Oporinus,Swiss,1550-1574,Protestant (Calvinist)
naogeorgussatyrae_front.xml,"Naogeorg, Thomas",1555,Basel,Oporinus,Swiss,1550-1574,Protestant (Calvinist)
neumayrtheatrum_1.xml,"Neumayr, Franciscus",1760,Augsburg,Franz Xavier Craez; Thomas Summer,South,1750-1774,mixed
neumayrtheatrum_10.xml,"Neumayr, Franciscus",1760,Augsburg,Franz Xavier Craez; Thomas Summer,South,1750-1774,mixed
neumayrtheatrum_2.xml,"Neumayr, Franciscus",1760,Augsburg,Franz Xavier Craez; Thomas Summer,South,1750-1774,mixed
neumayrtheatrum_3.xml,"Neumayr, Franciscus",1760,Augsburg,Franz Xavier Craez; Thomas Summer,South,1750-1774,mixed
neumayrtheatrum_4.xml,"Neumayr, Franciscus",1760,Augsburg,Franz Xavier Craez; Thomas Summer,South,1750-1774,mixed
neumayrtheatrum_5.xml,"Neumayr, Franciscus",1760,Augsburg,Franz Xavier Craez; Thomas Summer,South,1750-1774,mixed
neumayrtheatrum_6.xml,"Neumayr, Franciscus",1760,Augsburg,Franz Xavier Craez; Thomas Summer,South,1750-1774,mixed
neumayrtheatrum_7.xml,"Neumayr, Franciscus",1760,Augsburg,Franz Xavier Craez; Thomas Summer,South,1750-1774,mixed
neumayrtheatrum_8.xml,"Neumayr, Franciscus",1760,Augsburg,Franz Xavier Craez; Thomas Summer,South,1750-1774,mixed
neumayrtheatrum_9.xml,"Neumayr, Franciscus",1760,Augsburg,Franz Xavier Craez; Thomas Summer,South,1750-1774,mixed
oporinusdramata1_1.xml,"Ziegler, Hieronymus",1547,Basel,Johannes Oporinus,Swiss,1525-1549,Protestant (Calvinist)
oporinusdramata1_2.xml,"Ziegler, Hieronymus",1547,Basel,Johannes Oporinus,Swiss,1525-1549,Protestant (Calvinist)
oporinusdramata1_3.xml,"Ziegler, Hieronymus",1547,Basel,Johannes Oporinus,Swiss,1525-1549,Protestant (Calvinist)
oporinusdramata1_4.xml,"Ziegler, Hieronymus",1547,Basel,Johannes Oporinus,Swiss,1525-1549,Protestant (Calvinist)
oporinusdramata1_5.xml,"Ziegler, Hieronymus",1547,Basel,Johannes Oporinus,Swiss,1525-1549,Protestant (Calvinist)
oporinusdramata1_6.xml,"Ziegler, Hieronymus",1547,Basel,Johannes Oporinus,Swiss,1525-1549,Protestant (Calvinist)
oporinusdramata1_7.xml,"Ziegler, Hieronymus",1547,Basel,Johannes Oporinus,Swiss,1525-1549,Protestant (Calvinist)
oporinusdramata1_8.xml,"Ziegler, Hieronymus",1547,Basel,Johannes Oporinus,Swiss,1525-1549,Protestant (Calvinist)
oporinusdramata1_9.xml,"Ziegler, Hieronymus",1547,Basel,Johannes Oporinus,Swiss,1525-1549,Protestant (Calvinist)
oporinusdramata2_1.xml,"Ziegler, Hieronymus",1547,Basel,Johannes Oporinus,Swiss,1525-1549,Protestant (Calvinist)
oporinusdramata2_2.xml,"Ziegler, Hieronymus",1547,Basel,Johannes Oporinus,Swiss,1525-1549,Protestant (Calvinist)
oporinusdramata2_3.xml,"Ziegler, Hieronymus",1547,Basel,Johannes Oporinus,Swiss,1525-1549,Protestant (Calvinist)
oporinusdramata2_4.xml,"Ziegler, Hieronymus",1547,Basel,Johannes Oporinus,Swiss,1525-1549,Protestant (Calvinist)
oporinusdramata2_5.xml,"Ziegler, Hieronymus",1547,Basel,Johannes Oporinus,Swiss,1525-1549,Protestant (Calvinist)
oporinusdramata2_6.xml,"Ziegler, Hieronymus",1547,Basel,Johannes Oporinus,Swiss,1525-1549,Protestant (Calvinist)
opsopoeusars.xml,"Opsopoeus, Vincentius",1578,Frankfurt,Adam Lonicer; Christian Egenolph Erben,Central/West,1575-1599,Catholic
osiusaesopus.xml,"Osius, Hieronymus",1574,Frankfurt,Kilian Han,Central/West,1550-1574,Catholic
pareusmusae_1.xml,"Pareus, David",1615,Neustadt,Heinricus Starckius,Central/West,1600-1624,Catholic
pareusmusae_10.xml,"Pareus, David",1615,Neustadt,Heinricus Starckius,Central/West,1600-1624,Catholic
pareusmusae_11.xml,"Pareus, David",1615,Neustadt,Heinricus Starckius,Central/West,1600-1624,Catholic
pareusmusae_12.xml,"Pareus, David",1615,Neustadt,Heinricus Starckius,Central/West,1600-1624,Catholic
pareusmusae_13.xml,"Pareus, David",1615,Neustadt,Heinricus Starckius,Central/West,1600-1624,Catholic
pareusmusae_14.xml,"Pareus, David",1615,Neustadt,Heinricus Starckius,Central/West,1600-1624,Catholic
pareusmusae_15.xml,"Pareus, David",1615,Neustadt,Heinricus Starckius,Central/West,1600-1624,Catholic
pareusmusae_16.xml,"Pareus, David",1615,Neustadt,Heinricus Starckius,Central/West,1600-1624,Catholic
pareusmusae_17.xml,"Pareus, David",1615,Neustadt,Heinricus Starckius,Central/West,1600-1624,Catholic
pareusmusae_2.xml,"Pareus, David",1615,Neustadt,Heinricus Starckius,Central/West,1600-1624,Catholic
pareusmusae_3.xml,"Pareus, David",1615,Neustadt,Heinricus Starckius,Central/West,1600-1624,Catholic
pareusmusae_4.xml,"Pareus, David",1615,Neustadt,Heinricus Starckius,Central/West,1600-1624,Catholic
pareusmusae_5.xml,"Pareus, David",1615,Neustadt,Heinricus Starckius,Central/West,1600-1624,Catholic
pareusmusae_6.xml,"Pareus, David",1615,Neustadt,Heinricus Starckius,Central/West,1600-1624,Catholic
pareusmusae_7.xml,"Pareus, David",1615,Neustadt,Heinricus Starckius,Central/West,1600-1624,Catholic
pareusmusae_8.xml,"Pareus, David",1615,Neustadt,Heinricus Starckius,Central/West,1600-1624,Catholic
pareusmusae_9.xml,"Pareus, David",1615,Neustadt,Heinricus Starckius,Central/West,1600-1624,Catholic
peiferusturcici.xml,"Peifer, David",1550,Basel,Oporinus,Swiss,1550-1574,Protestant (Calvinist)
pincierotium_1.xml,"Pincier, Johann",1614,Herborn,S. L.,Central/West,1600-1624,Protestant (Calvinist)
pincierotium_2.xml,"Pincier, Johann",1614,Herborn,S. L.,Central/West,1600-1624,Protestant (Calvinist)
pincierotium_3.xml,"Pincier, Johann",1614,Herborn,S. L.,Central/West,1600-1624,Protestant (Calvinist)
pincierotium_4.xml,"Pincier, Johann",1614,Herborn,S. L.,Central/West,1600-1624,Protestant (Calvinist)
pincierotium_5.xml,"Pincier, Johann",1614,Herborn,S. L.,Central/West,1600-1624,Protestant (Calvinist)
pincierotium_6.xml,"Pincier, Johann",1614,Herborn,S. L.,Central/West,1600-1624,Protestant (Calvinist)
pincierotium_back.xml,"Pincier, Johann",1614,Herborn,S. L.,Central/West,1600-1624,Protestant (Calvinist)
pincierotium_front.xml,"Pincier, Johann",1614,Herborn,S. L.,Central/West,1600-1624,Protestant (Calvinist)
pontanusflorida_1.xml,"Pontanus, Jakobus",1602,Ingolstadt,Adam Sartori,South,1600-1624,Catholic
pontanusflorida_2.xml,"Pontanus, Jakobus",1602,Ingolstadt,Adam Sartori,South,1600-1624,Catholic
pontanusflorida_3.xml,"Pontanus, Jakobus",1602,Ingolstadt,Adam Sartori,South,1600-1624,Catholic
pontanusflorida_4.xml,"Pontanus, Jakobus",1602,Ingolstadt,Adam Sartori,South,1600-1624,Catholic
pontanusflorida_5.xml,"Pontanus, Jakobus",1602,Ingolstadt,Adam Sartori,South,1600-1624,Catholic
pontanusflorida_6.xml,"Pontanus, Jakobus",1602,Ingolstadt,Adam Sartori,South,1600-1624,Catholic
pontanusflorida_7.xml,"Pontanus, Jakobus",1602,Ingolstadt,Adam Sartori,South,1600-1624,Catholic
pontanusflorida_8.xml,"Pontanus, Jakobus",1602,Ingolstadt,Adam Sartori,South,1600-1624,Catholic
pontanusflorida_9.xml,"Pontanus, Jakobus",1602,Ingolstadt,Adam Sartori,South,1600-1624,Catholic
pontanusflorida_front.xml,"Pontanus, Jakobus",1602,Ingolstadt,Adam Sartori,South,1600-1624,Catholic
pontanusinstitutiones_1.xml,"Pontanus, Jakobus",1594,Ingolstadt,Giacomo Pontano; Adam Sartori,South,1575-1599,Catholic
pontanusinstitutiones_10.xml,"Pontanus, Jakobus",1594,Ingolstadt,Giacomo Pontano; Adam Sartori,South,1575-1599,Catholic
pontanusinstitutiones_2.xml,"Pontanus, Jakobus",1594,Ingolstadt,Giacomo Pontano; Adam Sartori,South,1575-1599,Catholic
pontanusinstitutiones_3.xml,"Pontanus, Jakobus",1594,Ingolstadt,Giacomo Pontano; Adam Sartori,South,1575-1599,Catholic
pontanusinstitutiones_4.xml,"Pontanus, Jakobus",1594,Ingolstadt,Giacomo Pontano; Adam Sartori,South,1575-1599,Catholic
pontanusinstitutiones_5.xml,"Pontanus, Jakobus",1594,Ingolstadt,Giacomo Pontano; Adam Sartori,South,1575-1599,Catholic
pontanusinstitutiones_6.xml,"Pontanus, Jakobus",1594,Ingolstadt,Giacomo Pontano; Adam Sartori,South,1575-1599,Catholic
pontanusinstitutiones_7.xml,"Pontanus, Jakobus",1594,Ingolstadt,Giacomo Pontano; Adam Sartori,South,1575-1599,Catholic
pontanusinstitutiones_8.xml,"Pontanus, Jakobus",1594,Ingolstadt,Giacomo Pontano; Adam Sartori,South,1575-1599,Catholic
pontanusinstitutiones_9.xml,"Pontanus, Jakobus",1594,Ingolstadt,Giacomo Pontano; Adam Sartori,South,1575-1599,Catholic
pontanusinstitutiones_front.xml,"Pontanus, Jakobus",1594,Ingolstadt,S. L.,South,1575-1599,Catholic
porsiusiter.xml,"Porsius, Heinrich",1583,Frankfurt,Feyrabendt,Central/West,1575-1599,Catholic
postfar_1.xml,"Hessus, Eobanus",1539,Schwäbisch Hall,Eobanus Hessus,South,1525-1549,Protestant (Lutheran)
postfar_2.xml,"Hessus, Eobanus",1539,Schwäbisch Hall,Eobanus Hessus,South,1525-1549,Protestant (Lutheran)
postfar_3.xml,"Hessus, Eobanus",1539,Schwäbisch Hall,Eobanus Hessus,South,1525-1549,Protestant (Lutheran)
postfar_4.xml,"Hessus, Eobanus",1539,Schwäbisch Hall,Eobanus Hessus,South,1525-1549,Protestant (Lutheran)
postfar_5.xml,"Hessus, Eobanus",1539,Schwäbisch Hall,Eobanus Hessus,South,1525-1549,Protestant (Lutheran)
postfar_6.xml,"Hessus, Eobanus",1539,Schwäbisch Hall,Eobanus Hessus,South,1525-1549,Protestant (Lutheran)
postfar_7.xml,"Hessus, Eobanus",1539,Schwäbisch Hall,Eobanus Hessus,South,1525-1549,Protestant (Lutheran)
postfar_8.xml,"Hessus, Eobanus",1539,Schwäbisch Hall,Eobanus Hessus,South,1525-1549,Protestant (Lutheran)
postfar_9.xml,"Hessus, Eobanus",1539,Schwäbisch Hall,Eobanus Hessus,South,1525-1549,Protestant (Lutheran)
postfar_front.xml,"Hessus, Eobanus",1539,Schwäbisch Hall,Eobanus Hessus,South,1525-1549,Protestant (Lutheran)
posthiusparerga_front1.xml,"Posthius, Iohannis",1595,Heidelberg,Commelin,Central/West,1575-1599,mixed
posthiusparergag_1-1.xml,"Posthius, Iohannis",1595,Heidelberg,Commelin,Central/West,1575-1599,mixed
posthiusparergag_1-2.xml,"Posthius, Iohannis",1595,Heidelberg,Commelin,Central/West,1575-1599,mixed
posthiusparergag_1-3.xml,"Posthius, Iohannis",1595,Heidelberg,Commelin,Central/West,1575-1599,mixed
posthiusparergag_1-4.xml,"Posthius, Iohannis",1595,Heidelberg,Commelin,Central/West,1575-1599,mixed
posthiusparergag_1-5.xml,"Posthius, Iohannis",1595,Heidelberg,Commelin,Central/West,1575-1599,mixed
posthiusparergag_1-6.xml,"Posthius, Iohannis",1595,Heidelberg,Commelin,Central/West,1575-1599,mixed
posthiusparergag_2-1.xml,"Posthius, Iohannis",1595,Heidelberg,Commelin,Central/West,1575-1599,mixed
posthiusparergag_2-2.xml,"Posthius, Iohannis",1595,Heidelberg,Commelin,Central/West,1575-1599,mixed
posthiusparergag_2-3.xml,"Posthius, Iohannis",1595,Heidelberg,Commelin,Central/West,1575-1599,mixed
reusneremblemata.xml,"Reusner, Nicolaus",1587,Strasbourg,S. L.,France/Alsace,1575-1599,Protestant (Lutheran)
reusnerprima_1.xml,"Reusner, Nicolaus",1593,Jena,Tobias Steinmann,North,1575-1599,Protestant (Lutheran)
reusnerprima_2.xml,"Reusner, Nicolaus",1593,Jena,Tobias Steinmann,North,1575-1599,Protestant (Lutheran)
reusnerprima_3.xml,"Reusner, Nicolaus",1593,Jena,Tobias Steinmann,North,1575-1599,Protestant (Lutheran)
reusnerprima_4.xml,"Reusner, Nicolaus",1593,Jena,Tobias Steinmann,North,1575-1599,Protestant (Lutheran)
reusnerprima_5.xml,"Reusner, Nicolaus",1593,Jena,Tobias Steinmann,North,1575-1599,Protestant (Lutheran)
reusnerprima_6.xml,"Reusner, Nicolaus",1593,Jena,Tobias Steinmann,North,1575-1599,Protestant (Lutheran)
reusnerprima_7.xml,"Reusner, Nicolaus",1593,Jena,Tobias Steinmann,North,1575-1599,Protestant (Lutheran)
reusnersecunda_1.xml,"Reusner, Nicolaus",1593,Jena,Tobias Steinmann,North,1575-1599,Protestant (Lutheran)
reusnersecunda_10.xml,"Reusner, Nicolaus",1593,Jena,Tobias Steinmann,North,1575-1599,Protestant (Lutheran)
reusnersecunda_11.xml,"Reusner, Nicolaus",1593,Jena,Tobias Steinmann,North,1575-1599,Protestant (Lutheran)
reusnersecunda_2.xml,"Reusner, Nicolaus",1593,Jena,Tobias Steinmann,North,1575-1599,Protestant (Lutheran)
reusnersecunda_3.xml,"Reusner, Nicolaus",1593,Jena,Tobias Steinmann,North,1575-1599,Protestant (Lutheran)
reusnersecunda_4.xml,"Reusner, Nicolaus",1593,Jena,Tobias Steinmann,North,1575-1599,Protestant (Lutheran)
reusnersecunda_5.xml,"Reusner, Nicolaus",1593,Jena,Tobias Steinmann,North,1575-1599,Protestant (Lutheran)
reusnersecunda_8.xml,"Reusner, Nicolaus",1593,Jena,Tobias Steinmann,North,1575-1599,Protestant (Lutheran)
reusnersecunda_9.xml,"Reusner, Nicolaus",1593,Jena,Tobias Steinmann,North,1575-1599,Protestant (Lutheran)
reusnersecunda_front.xml,"Reusner, Nicolaus",1593,Jena,Tobias Steinmann,North,1575-1599,Protestant (Lutheran)
rhumeliushoschea.xml,"Rhumel, Johann Conrad",1617,Nürnberg,Abraham Wagenmann,South,1600-1624,Protestant (Lutheran)
rhumeliuszacharias.xml,"Rhumel, Johann Conrad",1618,Nürnberg,Abraham Wagenmann,South,1600-1624,Protestant (Lutheran)
rittershusiusapotheosis.xml,"Rittershusius, Konrad",1605,Nürnberg,Abraham Wagenmann,South,1600-1624,Protestant (Lutheran)
rittershusiusstrena.xml,"Rittershusius, Konrad",1602,Nürnberg,Abraham Wagenmann,South,1600-1624,Protestant (Lutheran)
rosalechiuslectores.xml,"Rosalechius, Joachim",1679,Köln,Johann Wilhelm Friessem,Central/West,1675-1699,Catholic
sabinuspoemata_1.xml,"Sabinus, Georg",1568,Leipzig,Voegelin,North,1550-1574,Protestant (Lutheran)
sabinuspoemata_2.xml,"Sabinus, Georg",1568,Leipzig,Voegelin,North,1550-1574,Protestant (Lutheran)
sabinuspoemata_3.xml,"Sabinus, Georg",1568,Leipzig,Voegelin,North,1550-1574,Protestant (Lutheran)
sabinuspoemata_4.xml,"Sabinus, Georg",1568,Leipzig,Voegelin,North,1550-1574,Protestant (Lutheran)
sabinuspoemata_5.xml,"Sabinus, Georg",1568,Leipzig,Voegelin,North,1550-1574,Protestant (Lutheran)
sabinuspoemata_6.xml,"Sabinus, Georg",1568,Leipzig,Voegelin,North,1550-1574,Protestant (Lutheran)
sabinuspoemata_7.xml,"Sabinus, Georg",1568,Leipzig,Voegelin,North,1550-1574,Protestant (Lutheran)
sabinuspoemata_8.xml,"Sabinus, Georg",1568,Leipzig,Voegelin,North,1550-1574,Protestant (Lutheran)
sabinuspoemata_9.xml,"Sabinus, Georg",1568,Leipzig,Voegelin,North,1550-1574,Protestant (Lutheran)
schede_front1.xml,"Schede, Paulus Melissus",1586,Paris,Sittart,France/Alsace,1575-1599,Catholic
schede_front3.xml,"Schede, Paulus Melissus",1586,Paris,Sittart,France/Alsace,1575-1599,Catholic
schedeg_1-1.xml,"Schede, Paulus Melissus",1586,Paris,Sittart,France/Alsace,1575-1599,Catholic
schedeg_1-10.xml,"Schede, Paulus Melissus",1586,Paris,Sittart,France/Alsace,1575-1599,Catholic
schedeg_1-2.xml,"Schede, Paulus Melissus",1586,Paris,Sittart,France/Alsace,1575-1599,Catholic
schedeg_1-3.xml,"Schede, Paulus Melissus",1586,Paris,Sittart,France/Alsace,1575-1599,Catholic
schedeg_1-4.xml,"Schede, Paulus Melissus",1586,Paris,Sittart,France/Alsace,1575-1599,Catholic
schedeg_1-5.xml,"Schede, Paulus Melissus",1586,Paris,Sittart,France/Alsace,1575-1599,Catholic
schedeg_1-6.xml,"Schede, Paulus Melissus",1586,Paris,Sittart,France/Alsace,1575-1599,Catholic
schedeg_1-7.xml,"Schede, Paulus Melissus",1586,Paris,Sittart,France/Alsace,1575-1599,Catholic
schedeg_1-8.xml,"Schede, Paulus Melissus",1586,Paris,Sittart,France/Alsace,1575-1599,Catholic
schedeg_1-9.xml,"Schede, Paulus Melissus",1586,Paris,Sittart,France/Alsace,1575-1599,Catholic
schedeg_2-1.xml,"Schede, Paulus Melissus",1586,Paris,Sittart,France/Alsace,1575-1599,Catholic
schedeg_2-2.xml,"Schede, Paulus Melissus",1586,Paris,Sittart,France/Alsace,1575-1599,Catholic
schedeg_2-3.xml,"Schede, Paulus Melissus",1586,Paris,Sittart,France/Alsace,1575-1599,Catholic
schedeg_2-4.xml,"Schede, Paulus Melissus",1586,Paris,Sittart,France/Alsace,1575-1599,Catholic
schedeg_2-5.xml,"Schede, Paulus Melissus",1586,Paris,Sittart,France/Alsace,1575-1599,Catholic
schedeg_3-1.xml,"Schede, Paulus Melissus",1586,Paris,Sittart,France/Alsace,1575-1599,Catholic
schedeg_3-2.xml,"Schede, Paulus Melissus",1586,Paris,Sittart,France/Alsace,1575-1599,Catholic
schedeg_3-3.xml,"Schede, Paulus Melissus",1586,Paris,Sittart,France/Alsace,1575-1599,Catholic
schedeg_3-4.xml,"Schede, Paulus Melissus",1586,Paris,Sittart,France/Alsace,1575-1599,Catholic
schedeg_3-5.xml,"Schede, Paulus Melissus",1586,Paris,Sittart,France/Alsace,1575-1599,Catholic
schedeg_3-6.xml,"Schede, Paulus Melissus",1586,Paris,Sittart,France/Alsace,1575-1599,Catholic
schedeg_3-7.xml,"Schede, Paulus Melissus",1586,Paris,Sittart,France/Alsace,1575-1599,Catholic
schedeg_3-8.xml,"Schede, Paulus Melissus",1586,Paris,Sittart,France/Alsace,1575-1599,Catholic
schedeg_3-9.xml,"Schede, Paulus Melissus",1586,Paris,Sittart,France/Alsace,1575-1599,Catholic
schedemeletemata_1.xml,"Schede, Paulus Melissus",1595,Frankfurt,Commelin,Central/West,1575-1599,Catholic
schedemeletemata_10.xml,"Schede, Paulus Melissus",1595,Frankfurt,Commelin,Central/West,1575-1599,Catholic
schedemeletemata_11.xml,"Schede, Paulus Melissus",1595,Frankfurt,Commelin,Central/West,1575-1599,Catholic
schedemeletemata_12.xml,"Schede, Paulus Melissus",1595,Frankfurt,Commelin,Central/West,1575-1599,Catholic
schedemeletemata_13.xml,"Schede, Paulus Melissus",1595,Frankfurt,Commelin,Central/West,1575-1599,Catholic
schedemeletemata_2.xml,"Schede, Paulus Melissus",1595,Frankfurt,Commelin,Central/West,1575-1599,Catholic
schedemeletemata_3.xml,"Schede, Paulus Melissus",1595,Frankfurt,Commelin,Central/West,1575-1599,Catholic
schedemeletemata_4.xml,"Schede, Paulus Melissus",1595,Frankfurt,Commelin,Central/West,1575-1599,Catholic
schedemeletemata_5.xml,"Schede, Paulus Melissus",1595,Frankfurt,Commelin,Central/West,1575-1599,Catholic
schedemeletemata_6.xml,"Schede, Paulus Melissus",1595,Frankfurt,Commelin,Central/West,1575-1599,Catholic
schedemeletemata_7.xml,"Schede, Paulus Melissus",1595,Frankfurt,Commelin,Central/West,1575-1599,Catholic
schedemeletemata_8.xml,"Schede, Paulus Melissus",1595,Frankfurt,Commelin,Central/West,1575-1599,Catholic
schedemeletemata_9.xml,"Schede, Paulus Melissus",1595,Frankfurt,Commelin,Central/West,1575-1599,Catholic
schoeppercomoediae_1.xml,"Schoepper, Iacob",1562,Köln,Maternus Cholinus,Central/West,1550-1574,Catholic
schoeppercomoediae_2.xml,"Schoepper, Iacob",1562,Köln,Maternus Cholinus,Central/West,1550-1574,Catholic
schoeppercomoediae_3.xml,"Schoepper, Iacob",1562,Köln,Maternus Cholinus,Central/West,1550-1574,Catholic
schoeppercomoediae_4.xml,"Schoepper, Iacob",1562,Köln,Maternus Cholinus,Central/West,1550-1574,Catholic
schoeppercomoediae_5.xml,"Schoepper, Iacob",1562,Köln,Maternus Cholinus,Central/West,1550-1574,Catholic
schoeppercomoediae_6.xml,"Schoepper, Iacob",1562,Köln,Maternus Cholinus,Central/West,1550-1574,Catholic
schopperspeculum_1.xml,"Schopper, Hartmann",1579,Frankfurt,Nic. Bassaeus,Central/West,1575-1599,Catholic
schopperspeculum_2.xml,"Schopper, Hartmann",1579,Frankfurt,Nic. Bassaeus,Central/West,1575-1599,Catholic
schopperspeculum_3.xml,"Schopper, Hartmann",1579,Frankfurt,Nic. Bassaeus,Central/West,1575-1599,Catholic
schopperspeculum_4.xml,"Schopper, Hartmann",1579,Frankfurt,Nic. Bassaeus,Central/West,1575-1599,Catholic
schopperspeculum_front.xml,"Schopper, Hartmann",1579,Frankfurt,Nic. Bassaeus,Central/West,1575-1599,Catholic
schurtzfleischpoemata_1.xml,"Schurtzfleisch, Konrad Samuel",1590,Wittemberg,Conrad Samuel Schurzfleish; Godefried Zimmerman,North,1575-1599,Protestant (Lutheran)
schurtzfleischpoemata_10.xml,"Schurtzfleisch, Konrad Samuel",1590,Wittemberg,Conrad Samuel Schurzfleish; Godefried Zimmerman,North,1575-1599,Protestant (Lutheran)
schurtzfleischpoemata_11.xml,"Schurtzfleisch, Konrad Samuel",1590,Wittemberg,Conrad Samuel Schurzfleish; Godefried Zimmerman,North,1575-1599,Protestant (Lutheran)
schurtzfleischpoemata_12.xml,"Schurtzfleisch, Konrad Samuel",1590,Wittemberg,Conrad Samuel Schurzfleish; Godefried Zimmerman,North,1575-1599,Protestant (Lutheran)
schurtzfleischpoemata_15.xml,"Schurtzfleisch, Konrad Samuel",1590,Wittemberg,Conrad Samuel Schurzfleish; Godefried Zimmerman,North,1575-1599,Protestant (Lutheran)
schurtzfleischpoemata_16.xml,"Schurtzfleisch, Konrad Samuel",1590,Wittemberg,Conrad Samuel Schurzfleish; Godefried Zimmerman,North,1575-1599,Protestant (Lutheran)
schurtzfleischpoemata_2.xml,"Schurtzfleisch, Konrad Samuel",1590,Wittemberg,Conrad Samuel Schurzfleish; Godefried Zimmerman,North,1575-1599,Protestant (Lutheran)
schurtzfleischpoemata_3.xml,"Schurtzfleisch, Konrad Samuel",1590,Wittemberg,Conrad Samuel Schurzfleish; Godefried Zimmerman,North,1575-1599,Protestant (Lutheran)
schurtzfleischpoemata_4.xml,"Schurtzfleisch, Konrad Samuel",1590,Wittemberg,Conrad Samuel Schurzfleish; Godefried Zimmerman,North,1575-1599,Protestant (Lutheran)
schurtzfleischpoemata_5.xml,"Schurtzfleisch, Konrad Samuel",1590,Wittemberg,Conrad Samuel Schurzfleish; Godefried Zimmerman,North,1575-1599,Protestant (Lutheran)
schurtzfleischpoemata_6.xml,"Schurtzfleisch, Konrad Samuel",1590,Wittemberg,Conrad Samuel Schurzfleish; Godefried Zimmerman,North,1575-1599,Protestant (Lutheran)
schurtzfleischpoemata_7.xml,"Schurtzfleisch, Konrad Samuel",1590,Wittemberg,Conrad Samuel Schurzfleish; Godefried Zimmerman,North,1575-1599,Protestant (Lutheran)
schurtzfleischpoemata_8.xml,"Schurtzfleisch, Konrad Samuel",1590,Wittemberg,Conrad Samuel Schurzfleish; Godefried Zimmerman,North,1575-1599,Protestant (Lutheran)
schurtzfleischpoemata_9.xml,"Schurtzfleisch, Konrad Samuel",1590,Wittemberg,Conrad Samuel Schurzfleish; Godefried Zimmerman,North,1575-1599,Protestant (Lutheran)
schwalbachpelecanographia.xml,"Schwalbach, Johann Georg",1614,Speyer,Kembach,Central/West,1600-1624,Protestant (Lutheran)
selneckertheophania.xml,"Selnecker, Nikolaus",1560,Wittemberg,Schwenck,North,1550-1574,Protestant (Lutheran)
siberpoemata1_1.xml,"Siber, Adam",1565,Basel,Oporinus,Swiss,1550-1574,Protestant (Calvinist)
siberpoemata1_10.xml,"Siber, Adam",1565,Basel,Oporinus,Swiss,1550-1574,Protestant (Calvinist)
siberpoemata1_11.xml,"Siber, Adam",1565,Basel,Oporinus,Swiss,1550-1574,Protestant (Calvinist)
siberpoemata1_12.xml,"Siber, Adam",1565,Basel,Oporinus,Swiss,1550-1574,Protestant (Calvinist)
siberpoemata1_13.xml,"Siber, Adam",1565,Basel,Oporinus,Swiss,1550-1574,Protestant (Calvinist)
siberpoemata1_14.xml,"Siber, Adam",1565,Basel,Oporinus,Swiss,1550-1574,Protestant (Calvinist)
siberpoemata1_15.xml,"Siber, Adam",1565,Basel,Oporinus,Swiss,1550-1574,Protestant (Calvinist)
siberpoemata1_16.xml,"Siber, Adam",1565,Basel,Oporinus,Swiss,1550-1574,Protestant (Calvinist)
siberpoemata1_17.xml,"Siber, Adam",1565,Basel,Oporinus,Swiss,1550-1574,Protestant (Calvinist)
siberpoemata1_2.xml,"Siber, Adam",1565,Basel,Oporinus,Swiss,1550-1574,Protestant (Calvinist)
siberpoemata1_3.xml,"Siber, Adam",1565,Basel,Oporinus,Swiss,1550-1574,Protestant (Calvinist)
siberpoemata1_4.xml,"Siber, Adam",1565,Basel,Oporinus,Swiss,1550-1574,Protestant (Calvinist)
siberpoemata1_5.xml,"Siber, Adam",1565,Basel,Oporinus,Swiss,1550-1574,Protestant (Calvinist)
siberpoemata1_6.xml,"Siber, Adam",1565,Basel,Oporinus,Swiss,1550-1574,Protestant (Calvinist)
siberpoemata1_7.xml,"Siber, Adam",1565,Basel,Oporinus,Swiss,1550-1574,Protestant (Calvinist)
siberpoemata1_8.xml,"Siber, Adam",1565,Basel,Oporinus,Swiss,1550-1574,Protestant (Calvinist)
siberpoemata1_9.xml,"Siber, Adam",1565,Basel,Oporinus,Swiss,1550-1574,Protestant (Calvinist)
siberpoemata1_front.xml,"Siber, Adam",1565,Basel,Oporinus,Swiss,1550-1574,Protestant (Calvinist)
siberpoemata2_1.xml,"Siber, Adam",1565,Basel,Oporinus,Swiss,1550-1574,Protestant (Calvinist)
siberpoemata2_2.xml,"Siber, Adam",1565,Basel,Oporinus,Swiss,1550-1574,Protestant (Calvinist)
siberpoemata2_3.xml,"Siber, Adam",1565,Basel,Oporinus,Swiss,1550-1574,Protestant (Calvinist)
siberpoemata2_4.xml,"Siber, Adam",1565,Basel,Oporinus,Swiss,1550-1574,Protestant (Calvinist)
siberpoemata2_5.xml,"Siber, Adam",1565,Basel,Oporinus,Swiss,1550-1574,Protestant (Calvinist)
siberpoemata2_6.xml,"Siber, Adam",1565,Basel,Oporinus,Swiss,1550-1574,Protestant (Calvinist)
siberpoemata2_7.xml,"Siber, Adam",1565,Basel,Oporinus,Swiss,1550-1574,Protestant (Calvinist)
siberpoemata2_8.xml,"Siber, Adam",1565,Basel,Oporinus,Swiss,1550-1574,Protestant (Calvinist)
siberpoemata2_9.xml,"Siber, Adam",1565,Basel,Oporinus,Swiss,1550-1574,Protestant (Calvinist)
siberpoemata2_back.xml,"Siber, Adam",1565,Basel,Oporinus,Swiss,1550-1574,Protestant (Calvinist)
siberpoemata2_front.xml,"Siber, Adam",1565,Basel,Oporinus,Swiss,1550-1574,Protestant (Calvinist)
siberpoematum_1.xml,"Siber, Adam",1562,Basel,Oporinus,Swiss,1550-1574,Protestant (Calvinist)
siberpoematum_2.xml,"Siber, Adam",1562,Basel,Oporinus,Swiss,1550-1574,Protestant (Calvinist)
siberpoematum_3.xml,"Siber, Adam",1562,Basel,Oporinus,Swiss,1550-1574,Protestant (Calvinist)
siberpoematum_4.xml,"Siber, Adam",1562,Basel,Oporinus,Swiss,1550-1574,Protestant (Calvinist)
siberpoematum_5.xml,"Siber, Adam",1562,Basel,Oporinus,Swiss,1550-1574,Protestant (Calvinist)
siberpoematum_front.xml,"Siber, Adam",1562,Basel,Oporinus,Swiss,1550-1574,Protestant (Calvinist)
sibersionion_1.xml,"Siber, Adam",1573,Leipzig,S. L.,North,1550-1574,Protestant (Lutheran)
sibersionion_2.xml,"Siber, Adam",1573,Leipzig,S. L.,North,1550-1574,Protestant (Lutheran)
sibersionion_3.xml,"Siber, Adam",1573,Leipzig,S. L.,North,1550-1574,Protestant (Lutheran)
sibersionion_4.xml,"Siber, Adam",1573,Leipzig,S. L.,North,1550-1574,Protestant (Lutheran)
sibersionion_5.xml,"Siber, Adam",1573,Leipzig,S. L.,North,1550-1574,Protestant (Lutheran)
sibersionion_6.xml,"Siber, Adam",1573,Leipzig,S. L.,North,1550-1574,Protestant (Lutheran)
sibersionion_7.xml,"Siber, Adam",1573,Leipzig,S. L.,North,1550-1574,Protestant (Lutheran)
sibersionion_8.xml,"Siber, Adam",1573,Leipzig,S. L.,North,1550-1574,Protestant (Lutheran)
sommersilesia.xml,"Sommersberg, Friedrich Wilhelm von",1720,Breslau,Michael Hubert,North,1700-1724,Protestant (Lutheran)
spartanusmiles_1.xml,"Spartanus, Hieronymus",1550,Basel,Oporinus,Swiss,1550-1574,Protestant (Calvinist)
spartanusmiles_back.xml,"Spartanus, Hieronymus",1550,Basel,Oporinus,Swiss,1550-1574,Protestant (Calvinist)
spartanusmiles_front.xml,"Spartanus, Hieronymus",1550,Basel,Oporinus,Swiss,1550-1574,Protestant (Calvinist)
stigelpoemata_1.xml,"Stigel, Johann",1566,Jena,"Donatus Ritzenhayn, Thomas Rebart",North,1550-1574,Protestant (Lutheran)
stigelpoemata_2.xml,"Stigel, Johann",1566,Jena,"Donatus Ritzenhayn, Thomas Rebart",North,1550-1574,Protestant (Lutheran)
stummelstudentes_1.xml,"Stummel, Christoph",1550,Frankfurt,Eichorn,Central/West,1550-1574,Catholic
stummelstudentes_2.xml,"Stummel, Christoph",1550,Frankfurt,Eichorn,Central/West,1550-1574,Catholic
stummelstudentes_front.xml,"Stummel, Christoph",1550,Frankfurt,Eichorn,Central/West,1550-1574,Catholic
taubmannmelodaesia_1.xml,"Taubmann, Friedrich",1597,Leipzig,Schurerius,North,1575-1599,Protestant (Lutheran)
taubmannmelodaesia_10.xml,"Taubmann, Friedrich",1597,Leipzig,Schurerius,North,1575-1599,Protestant (Lutheran)
taubmannmelodaesia_11.xml,"Taubmann, Friedrich",1597,Leipzig,Schurerius,North,1575-1599,Protestant (Lutheran)
taubmannmelodaesia_12.xml,"Taubmann, Friedrich",1597,Leipzig,Schurerius,North,1575-1599,Protestant (Lutheran)
taubmannmelodaesia_2.xml,"Taubmann, Friedrich",1597,Leipzig,Schurerius,North,1575-1599,Protestant (Lutheran)
taubmannmelodaesia_3.xml,"Taubmann, Friedrich",1597,Leipzig,Schurerius,North,1575-1599,Protestant (Lutheran)
taubmannmelodaesia_4.xml,"Taubmann, Friedrich",1597,Leipzig,Schurerius,North,1575-1599,Protestant (Lutheran)
taubmannmelodaesia_5.xml,"Taubmann, Friedrich",1597,Leipzig,Schurerius,North,1575-1599,Protestant (Lutheran)
taubmannmelodaesia_6.xml,"Taubmann, Friedrich",1597,Leipzig,Schurerius,North,1575-1599,Protestant (Lutheran)
taubmannmelodaesia_7.xml,"Taubmann, Friedrich",1597,Leipzig,Schurerius,North,1575-1599,Protestant (Lutheran)
taubmannmelodaesia_8.xml,"Taubmann, Friedrich",1597,Leipzig,Schurerius,North,1575-1599,Protestant (Lutheran)
taubmannmelodaesia_9.xml,"Taubmann, Friedrich",1597,Leipzig,Schurerius,North,1575-1599,Protestant (Lutheran)
taubmannmelodaesia_front.xml,"Taubmann, Friedrich",1597,Leipzig,Schurerius,North,1575-1599,Protestant (Lutheran)
taubmannpostuma.xml,"Taubmann, Friedrich",1623,Wittemberg,Zacharias Schürer; Johann Haken,North,1600-1624,Protestant (Lutheran)
taubmannschediasmata_1.xml,"Taubmann, Friedrich",1619,Wittemberg,Schuerer,North,1600-1624,Protestant (Lutheran)
taubmannschediasmata_10.xml,"Taubmann, Friedrich",1619,Wittemberg,Schuerer,North,1600-1624,Protestant (Lutheran)
taubmannschediasmata_11.xml,"Taubmann, Friedrich",1619,Wittemberg,Schuerer,North,1600-1624,Protestant (Lutheran)
taubmannschediasmata_12.xml,"Taubmann, Friedrich",1619,Wittemberg,Schuerer,North,1600-1624,Protestant (Lutheran)
taubmannschediasmata_2.xml,"Taubmann, Friedrich",1619,Wittemberg,Schuerer,North,1600-1624,Protestant (Lutheran)
taubmannschediasmata_3.xml,"Taubmann, Friedrich",1619,Wittemberg,Schuerer,North,1600-1624,Protestant (Lutheran)
taubmannschediasmata_4.xml,"Taubmann, Friedrich",1619,Wittemberg,Schuerer,North,1600-1624,Protestant (Lutheran)
taubmannschediasmata_5.xml,"Taubmann, Friedrich",1619,Wittemberg,Schuerer,North,1600-1624,Protestant (Lutheran)
taubmannschediasmata_6.xml,"Taubmann, Friedrich",1619,Wittemberg,Schuerer,North,1600-1624,Protestant (Lutheran)
taubmannschediasmata_7.xml,"Taubmann, Friedrich",1619,Wittemberg,Schuerer,North,1600-1624,Protestant (Lutheran)
taubmannschediasmata_8.xml,"Taubmann, Friedrich",1619,Wittemberg,Schuerer,North,1600-1624,Protestant (Lutheran)
taubmannschediasmata_9.xml,"Taubmann, Friedrich",1619,Wittemberg,Schuerer,North,1600-1624,Protestant (Lutheran)
taubmannschediasmata_front.xml,"Taubmann, Friedrich",1619,Wittemberg,Schuerer,North,1600-1624,Protestant (Lutheran)
taurellusemblemata.xml,"Taurellus, Nicolaus",1602,Nürnberg,Christoph Lochner,South,1600-1624,Protestant (Lutheran)
taurellusfunebria.xml,"Taurellus, Nicolaus",1602,Nürnberg,Lochner,South,1600-1624,Protestant (Lutheran)
virdungiuvenilia_1.xml,"Virdung, Michael",1598,Nürnberg,Paul Kaufmann,South,1575-1599,Protestant (Lutheran)
virdungiuvenilia_2.xml,"Virdung, Michael",1598,Nürnberg,Paul Kaufmann,South,1575-1599,Protestant (Lutheran)
virdungiuvenilia_3.xml,"Virdung, Michael",1598,Nürnberg,Paul Kaufmann,South,1575-1599,Protestant (Lutheran)
virdungiuvenilia_front.xml,"Virdung, Michael",1598,Nürnberg,Paul Kaufmann,South,1575-1599,Protestant (Lutheran)
weitenauertragoediae_1.xml,"Weitenauer, Ignaz",1758,Augsburg,S. L.,South,1750-1774,mixed
weitenauertragoediae_2.xml,"Weitenauer, Ignaz",1758,Augsburg,S. L.,South,1750-1774,mixed
weitenauertragoediae_3.xml,"Weitenauer, Ignaz",1758,Augsburg,S. L.,South,1750-1774,mixed
weitenauertragoediae_4.xml,"Weitenauer, Ignaz",1758,Augsburg,S. L.,South,1750-1774,mixed
weitenauertragoediae_5.xml,"Weitenauer, Ignaz",1758,Augsburg,S. L.,South,1750-1774,mixed
weitenauertragoediae_6.xml,"Weitenauer, Ignaz",1758,Augsburg,S. L.,South,1750-1774,mixed
westonparthenica_1.xml,"Weston, Elizabeth Jane",1608,Prague,S. L.,Bohemia,1600-1624,mixed
westonparthenica_2.xml,"Weston, Elizabeth Jane",1608,Prague,S. L.,Bohemia,1600-1624,mixed
westonparthenica_3.xml,"Weston, Elizabeth Jane",1608,Prague,S. L.,Bohemia,1600-1624,mixed
wichgreviuscornelius.xml,"Wichgreve, Albert",1601,Rostock,Reusner,North,1600-1624,Protestant (Lutheran)
widebrampsalterium.xml,"Widebram, Friedrich",1579,Strasbourg,Seelfisch,France/Alsace,1575-1599,Protestant (Lutheran)
widllyrica_1.xml,"Widl, Adam",1674,Ingolstadt,Johann Philipp Zinck,South,1650-1674,Catholic
widllyrica_2.xml,"Widl, Adam",1674,Ingolstadt,Johann Philipp Zinck,South,1650-1674,Catholic
widllyrica_3.xml,"Widl, Adam",1674,Ingolstadt,Johann Philipp Zinck,South,1650-1674,Catholic
widllyrica_4.xml,"Widl, Adam",1674,Ingolstadt,Johann Philipp Zinck,South,1650-1674,Catholic
zieglervinea_1.xml,"Ziegler, Hieronymus",1551,Basel,Oporinus,Swiss,1550-1574,Protestant (Calvinist)
zieglervinea_2.xml,"Ziegler, Hieronymus",1551,Basel,Oporinus,Swiss,1550-1574,Protestant (Calvinist)
zieglervinea_front.xml,"Ziegler, Hieronymus",1551,Basel,Oporinus,Swiss,1550-1574,Protestant (Calvinist)
zuberepigrammata.xml,"Zuber, Matthaeus",1599,Wittemberg,Crato,North,1575-1599,Protestant (Lutheran)
zuberneanieumata.xml,"Zuber, Matthaeus",1599,Wittemberg,Crato,North,1575-1599,Protestant (Lutheran)
